-- phpMyAdmin SQL Dump
-- version 4.6.5.2
-- https://www.phpmyadmin.net/
--
-- Host: 127.0.0.1
-- Generation Time: Jan 30, 2018 at 04:06 AM
-- Server version: 10.1.21-MariaDB
-- PHP Version: 5.6.30

SET SQL_MODE = "NO_AUTO_VALUE_ON_ZERO";
SET time_zone = "+00:00";


/*!40101 SET @OLD_CHARACTER_SET_CLIENT=@@CHARACTER_SET_CLIENT */;
/*!40101 SET @OLD_CHARACTER_SET_RESULTS=@@CHARACTER_SET_RESULTS */;
/*!40101 SET @OLD_COLLATION_CONNECTION=@@COLLATION_CONNECTION */;
/*!40101 SET NAMES utf8mb4 */;

--
-- Database: `polisebox`
--

-- --------------------------------------------------------

--
-- Table structure for table `announcement_detail`
--

CREATE TABLE `announcement_detail` (
  `announcement_id` int(11) NOT NULL,
  `title` varchar(200) DEFAULT NULL,
  `message` text,
  `create_dttm` varchar(50) NOT NULL DEFAULT '0000-00-00 00:00:00'
) ENGINE=InnoDB DEFAULT CHARSET=latin1;

--
-- Dumping data for table `announcement_detail`
--

INSERT INTO `announcement_detail` (`announcement_id`, `title`, `message`, `create_dttm`) VALUES
(1, 'Budot bagmaw se num ju.', 'Ulzim alujien kodmalbog vide hi tefdiilu mukguvnih avuomi neluboc lu udadelar uvi mepro hapku vi buwnag get govbued wa caw wap colwihi niticna nebzoam jusokel nawan gabadpon kicogsa nupfeloz rihoze av vumpog daepi uzed jok amagoku emeapje riwbi copifah pa vabulij ladhe suiso jakleba pe omujob forcizej hignul tosimiw korih.', '2018-01-04 13:16:11'),
(2, 'Zupeva delhudbuh uznud evheg ci.', 'Racnosnu japgow miso icobi zupmidcur kiabofaj delzepe ojuzike levcajduv he cerre dela fametra nulu japluz vi un sejaziho moedeijo gug susuez zetvo cukfo jiwcoofe loczozijo cipu zam kofa kahve be tuz sippe nanun na jehinug cetedzo amoir ne digbed ak ogfil mep sutcogiz hawot wu zenidri obiti ojune okuja in.', '2018-01-04 13:17:05'),
(3, 'Mef bur wutwutov vino tasuvloc.', 'Cuw ecbuvot ko gotijke acruzap icimote mufzu dojleig fi cutwiwu kakre gudep deakaw sin ebesar redlaal metizpi iveaji fim uspik surete gakutcek jar niv ke heha upse zosoper peksud mokimozo ijiku docakre upikiuv avolohi dovas jovo neda kuvogec gor cebopav pegletez kakor ma uza fo no oweit ele ima kuj.', '2018-01-04 14:14:48');

-- --------------------------------------------------------

--
-- Table structure for table `ci_sessions`
--

CREATE TABLE `ci_sessions` (
  `id` varchar(40) NOT NULL,
  `ip_address` varchar(45) NOT NULL,
  `timestamp` int(10) UNSIGNED NOT NULL DEFAULT '0',
  `data` blob NOT NULL,
  `flexi_auth_data` text,
  `user_agent` text NOT NULL
) ENGINE=InnoDB DEFAULT CHARSET=latin1;

--
-- Dumping data for table `ci_sessions`
--

INSERT INTO `ci_sessions` (`id`, `ip_address`, `timestamp`, `data`, `flexi_auth_data`, `user_agent`) VALUES
('0a47a17e8665d36deddddda5bb967e571595452e', '127.0.0.1', 1516953535, 0x5f5f63695f6c6173745f726567656e65726174657c693a313531363935333533343b736974655f6c616e677c733a323a22656e223b6e616d657c733a31303a2263695f73657373696f6e223b76616c75657c733a303a22223b6578706972657c733a303a22223b666c6578695f617574687c613a373a7b733a31393a226c6f67696e5f73657373696f6e5f746f6b656e223b733a34303a2232303166663761396237316331353763373638353039636165323637373135343162316235376434223b733a32323a226c6f676765645f696e5f7669615f70617373776f7264223b623a313b733a373a22757365725f6964223b733a313a2231223b733a31353a22757365725f6964656e746966696572223b733a353a2261646d696e223b733a353a2261646d696e223b623a313b733a353a2267726f7570223b613a313a7b693a333b733a31323a224d61737465722041646d696e223b7d733a31303a2270726976696c65676573223b613a31313a7b693a313b733a31303a2256696577205573657273223b693a323b733a31363a225669657720557365722047726f757073223b693a333b733a31353a22566965772050726976696c65676573223b693a343b733a31383a22496e7365727420557365722047726f757073223b693a353b733a31373a22496e736572742050726976696c65676573223b693a363b733a31323a22557064617465205573657273223b693a373b733a31383a2255706461746520557365722047726f757073223b693a383b733a31373a225570646174652050726976696c65676573223b693a393b733a31323a2244656c657465205573657273223b693a31303b733a31383a2244656c65746520557365722047726f757073223b693a31313b733a31373a2244656c6574652050726976696c65676573223b7d7d, '__ci_last_regenerate|i:1516953534;site_lang|s:2:\"en\";', 'Mozilla/5.0 (Windows NT 10.0; Win64; x64) AppleWebKit/537.36 (KHTML, like Gecko) Chrome/64.0.3282.119 Safari/537.36'),
('0b32146730dd2e9fd2f4e963759497e2305aea33', '127.0.0.1', 1517213703, 0x5f5f63695f6c6173745f726567656e65726174657c693a313531373231333730333b736974655f6c616e677c733a323a22656e223b6e616d657c733a31303a2263695f73657373696f6e223b76616c75657c733a303a22223b6578706972657c733a303a22223b666c6578695f617574687c613a373a7b733a31393a226c6f67696e5f73657373696f6e5f746f6b656e223b733a34303a2234326561666261616135623336333562333863653063616335643033356334386338323431333166223b733a32323a226c6f676765645f696e5f7669615f70617373776f7264223b623a313b733a373a22757365725f6964223b733a323a223134223b733a31353a22757365725f6964656e746966696572223b733a31343a226c65776973726f6472696775657a223b733a353a2261646d696e223b623a313b733a353a2267726f7570223b613a313a7b693a353b733a353a224167656e74223b7d733a31303a2270726976696c65676573223b613a303a7b7d7d61757970656b7c733a3131393a22613a333a7b733a31313a22616c5f757365726e616d65223b733a353a2261646d696e223b733a393a22616c5f757365726964223b733a313a2231223b733a31303a22616c5f7365635f6b6579223b733a33323a226366616632393666316435393839623463663064353435346638316336326638223b7d223b, '__ci_last_regenerate|i:1517213703;site_lang|s:2:\"en\";name|s:10:\"ci_session\";value|s:0:\"\";expire|s:0:\"\";flexi_auth|a:7:{s:19:\"login_session_token\";s:40:\"42eafbaaa5b3635b38ce0cac5d035c48c824131f\";s:22:\"logged_in_via_password\";b:1;s:7:\"user_id\";s:2:\"14\";s:15:\"user_identifier\";s:14:\"lewisrodriguez\";s:5:\"admin\";b:1;s:5:\"group\";a:1:{i:5;s:5:\"Agent\";}s:10:\"privileges\";a:0:{}}auypek|s:119:\"a:3:{s:11:\"al_username\";s:5:\"admin\";s:9:\"al_userid\";s:1:\"1\";s:10:\"al_sec_key\";s:32:\"cfaf296f1d5989b4cf0d5454f81c62f8\";}\";', 'Mozilla/5.0 (Windows NT 10.0; Win64; x64) AppleWebKit/537.36 (KHTML, like Gecko) Chrome/64.0.3282.119 Safari/537.36'),
('0c7b27d8d1c121bd23366fe36f84276c50750cb8', '127.0.0.1', 1517207566, 0x5f5f63695f6c6173745f726567656e65726174657c693a313531373230373536363b736974655f6c616e677c733a323a22656e223b6e616d657c733a31303a2263695f73657373696f6e223b76616c75657c733a303a22223b6578706972657c733a303a22223b666c6578695f617574687c613a373a7b733a31393a226c6f67696e5f73657373696f6e5f746f6b656e223b733a34303a2234326561666261616135623336333562333863653063616335643033356334386338323431333166223b733a32323a226c6f676765645f696e5f7669615f70617373776f7264223b623a313b733a373a22757365725f6964223b733a323a223134223b733a31353a22757365725f6964656e746966696572223b733a31343a226c65776973726f6472696775657a223b733a353a2261646d696e223b623a313b733a353a2267726f7570223b613a313a7b693a353b733a353a224167656e74223b7d733a31303a2270726976696c65676573223b613a303a7b7d7d61757970656b7c733a3131393a22613a333a7b733a31313a22616c5f757365726e616d65223b733a353a2261646d696e223b733a393a22616c5f757365726964223b733a313a2231223b733a31303a22616c5f7365635f6b6579223b733a33323a226366616632393666316435393839623463663064353435346638316336326638223b7d223b, '__ci_last_regenerate|i:1517207566;site_lang|s:2:\"en\";message|s:72:\"<p class=\"error_msg\">You must login as an admin to access this area.</p>\";__ci_vars|a:1:{s:7:\"message\";s:3:\"new\";}', 'Mozilla/5.0 (Windows NT 10.0; Win64; x64) AppleWebKit/537.36 (KHTML, like Gecko) Chrome/64.0.3282.119 Safari/537.36'),
('32bcd59f6d2493350ae35864e2dd6b66ebd2d636', '127.0.0.1', 1516950876, 0x5f5f63695f6c6173745f726567656e65726174657c693a313531363935303837363b736974655f6c616e677c733a323a22656e223b, '__ci_last_regenerate|i:1516950876;', 'Mozilla/5.0 (Windows NT 10.0; Win64; x64) AppleWebKit/537.36 (KHTML, like Gecko) Chrome/64.0.3282.119 Safari/537.36'),
('39e2efed2eef337c4be470510ce685f4725a3d19', '127.0.0.1', 1517198780, 0x5f5f63695f6c6173745f726567656e65726174657c693a313531373139383738303b736974655f6c616e677c733a323a22656e223b6e616d657c733a31303a2263695f73657373696f6e223b76616c75657c733a303a22223b6578706972657c733a303a22223b666c6578695f617574687c613a373a7b733a31393a226c6f67696e5f73657373696f6e5f746f6b656e223b733a34303a2231373165616331613764356438633634613862323539333238373933666331353739326334633535223b733a32323a226c6f676765645f696e5f7669615f70617373776f7264223b623a313b733a373a22757365725f6964223b733a323a223134223b733a31353a22757365725f6964656e746966696572223b733a31343a226c65776973726f6472696775657a223b733a353a2261646d696e223b623a313b733a353a2267726f7570223b613a313a7b693a353b733a353a224167656e74223b7d733a31303a2270726976696c65676573223b613a303a7b7d7d61757970656b7c733a3131393a22613a333a7b733a31313a22616c5f757365726e616d65223b733a353a2261646d696e223b733a393a22616c5f757365726964223b733a313a2231223b733a31303a22616c5f7365635f6b6579223b733a33323a226366616632393666316435393839623463663064353435346638316336326638223b7d223b, '__ci_last_regenerate|i:1517198780;site_lang|s:2:\"en\";name|s:10:\"ci_session\";value|s:0:\"\";expire|s:0:\"\";flexi_auth|a:7:{s:19:\"login_session_token\";s:40:\"171eac1a7d5d8c64a8b259328793fc15792c4c55\";s:22:\"logged_in_via_password\";b:1;s:7:\"user_id\";s:2:\"14\";s:15:\"user_identifier\";s:14:\"lewisrodriguez\";s:5:\"admin\";b:1;s:5:\"group\";a:1:{i:5;s:5:\"Agent\";}s:10:\"privileges\";a:0:{}}auypek|s:119:\"a:3:{s:11:\"al_username\";s:5:\"admin\";s:9:\"al_userid\";s:1:\"1\";s:10:\"al_sec_key\";s:32:\"cfaf296f1d5989b4cf0d5454f81c62f8\";}\";message|s:65:\"<p class=\"error_msg\">You are not authorized to view this page</p>\";__ci_vars|a:1:{s:7:\"message\";s:3:\"new\";}', 'Mozilla/5.0 (Windows NT 10.0; Win64; x64) AppleWebKit/537.36 (KHTML, like Gecko) Chrome/64.0.3282.119 Safari/537.36'),
('3a67a26ba3634ff95fc469a4fb3db1e796108772', '127.0.0.1', 1517197059, 0x5f5f63695f6c6173745f726567656e65726174657c693a313531373139373035393b736974655f6c616e677c733a323a22656e223b6e616d657c733a31303a2263695f73657373696f6e223b76616c75657c733a303a22223b6578706972657c733a303a22223b666c6578695f617574687c613a373a7b733a31393a226c6f67696e5f73657373696f6e5f746f6b656e223b733a34303a2264356430366131353061383763376536306337373061356536303832666534373835346662393162223b733a32323a226c6f676765645f696e5f7669615f70617373776f7264223b623a313b733a373a22757365725f6964223b733a323a223134223b733a31353a22757365725f6964656e746966696572223b733a31343a226c65776973726f6472696775657a223b733a353a2261646d696e223b623a313b733a353a2267726f7570223b613a313a7b693a353b733a353a224167656e74223b7d733a31303a2270726976696c65676573223b613a303a7b7d7d61757970656b7c733a3131393a22613a333a7b733a31313a22616c5f757365726e616d65223b733a353a2261646d696e223b733a393a22616c5f757365726964223b733a313a2231223b733a31303a22616c5f7365635f6b6579223b733a33323a226366616632393666316435393839623463663064353435346638316336326638223b7d223b, '__ci_last_regenerate|i:1517197059;site_lang|s:2:\"en\";name|s:10:\"ci_session\";value|s:0:\"\";expire|s:0:\"\";flexi_auth|a:7:{s:19:\"login_session_token\";s:40:\"6aa98f4c432ca5b20e9f079cfaabd8838ac0aa4a\";s:22:\"logged_in_via_password\";b:1;s:7:\"user_id\";s:1:\"1\";s:15:\"user_identifier\";s:5:\"admin\";s:5:\"admin\";b:1;s:5:\"group\";a:1:{i:3;s:12:\"Master Admin\";}s:10:\"privileges\";a:11:{i:1;s:10:\"View Users\";i:2;s:16:\"View User Groups\";i:3;s:15:\"View Privileges\";i:4;s:18:\"Insert User Groups\";i:5;s:17:\"Insert Privileges\";i:6;s:12:\"Update Users\";i:7;s:18:\"Update User Groups\";i:8;s:17:\"Update Privileges\";i:9;s:12:\"Delete Users\";i:10;s:18:\"Delete User Groups\";i:11;s:17:\"Delete Privileges\";}}', 'Mozilla/5.0 (Windows NT 10.0; Win64; x64) AppleWebKit/537.36 (KHTML, like Gecko) Chrome/64.0.3282.119 Safari/537.36'),
('3c4545dcaf93bdec07260a1cacd95b0a486afc72', '127.0.0.1', 1517216633, 0x5f5f63695f6c6173745f726567656e65726174657c693a313531373231363633333b736974655f6c616e677c733a323a22656e223b6e616d657c733a31303a2263695f73657373696f6e223b76616c75657c733a303a22223b6578706972657c733a303a22223b666c6578695f617574687c613a373a7b733a31393a226c6f67696e5f73657373696f6e5f746f6b656e223b733a34303a2236653464376532356162613661613435353337303262313964303835613961306434366238616363223b733a32323a226c6f676765645f696e5f7669615f70617373776f7264223b623a313b733a373a22757365725f6964223b733a313a2231223b733a31353a22757365725f6964656e746966696572223b733a353a2261646d696e223b733a353a2261646d696e223b623a313b733a353a2267726f7570223b613a313a7b693a333b733a31323a224d61737465722041646d696e223b7d733a31303a2270726976696c65676573223b613a31313a7b693a313b733a31303a2256696577205573657273223b693a323b733a31363a225669657720557365722047726f757073223b693a333b733a31353a22566965772050726976696c65676573223b693a343b733a31383a22496e7365727420557365722047726f757073223b693a353b733a31373a22496e736572742050726976696c65676573223b693a363b733a31323a22557064617465205573657273223b693a373b733a31383a2255706461746520557365722047726f757073223b693a383b733a31373a225570646174652050726976696c65676573223b693a393b733a31323a2244656c657465205573657273223b693a31303b733a31383a2244656c65746520557365722047726f757073223b693a31313b733a31373a2244656c6574652050726976696c65676573223b7d7d61757970656b7c733a3131393a22613a333a7b733a31313a22616c5f757365726e616d65223b733a353a2261646d696e223b733a393a22616c5f757365726964223b733a313a2231223b733a31303a22616c5f7365635f6b6579223b733a33323a226366616632393666316435393839623463663064353435346638316336326638223b7d223b, '__ci_last_regenerate|i:1517216633;site_lang|s:2:\"en\";name|s:10:\"ci_session\";value|s:0:\"\";expire|s:0:\"\";flexi_auth|a:7:{s:19:\"login_session_token\";s:40:\"42eafbaaa5b3635b38ce0cac5d035c48c824131f\";s:22:\"logged_in_via_password\";b:1;s:7:\"user_id\";s:2:\"14\";s:15:\"user_identifier\";s:14:\"lewisrodriguez\";s:5:\"admin\";b:1;s:5:\"group\";a:1:{i:5;s:5:\"Agent\";}s:10:\"privileges\";a:0:{}}auypek|s:119:\"a:3:{s:11:\"al_username\";s:5:\"admin\";s:9:\"al_userid\";s:1:\"1\";s:10:\"al_sec_key\";s:32:\"cfaf296f1d5989b4cf0d5454f81c62f8\";}\";', 'Mozilla/5.0 (Windows NT 10.0; Win64; x64) AppleWebKit/537.36 (KHTML, like Gecko) Chrome/64.0.3282.119 Safari/537.36'),
('3fdfe70c1b60e5a10ba228ca46a453b64ccf2551', '127.0.0.1', 1517196601, 0x5f5f63695f6c6173745f726567656e65726174657c693a313531373139363630313b736974655f6c616e677c733a323a22656e223b6e616d657c733a31303a2263695f73657373696f6e223b76616c75657c733a303a22223b6578706972657c733a303a22223b666c6578695f617574687c613a373a7b733a31393a226c6f67696e5f73657373696f6e5f746f6b656e223b733a34303a2236616139386634633433326361356232306539663037396366616162643838333861633061613461223b733a32323a226c6f676765645f696e5f7669615f70617373776f7264223b623a313b733a373a22757365725f6964223b733a313a2231223b733a31353a22757365725f6964656e746966696572223b733a353a2261646d696e223b733a353a2261646d696e223b623a313b733a353a2267726f7570223b613a313a7b693a333b733a31323a224d61737465722041646d696e223b7d733a31303a2270726976696c65676573223b613a31313a7b693a313b733a31303a2256696577205573657273223b693a323b733a31363a225669657720557365722047726f757073223b693a333b733a31353a22566965772050726976696c65676573223b693a343b733a31383a22496e7365727420557365722047726f757073223b693a353b733a31373a22496e736572742050726976696c65676573223b693a363b733a31323a22557064617465205573657273223b693a373b733a31383a2255706461746520557365722047726f757073223b693a383b733a31373a225570646174652050726976696c65676573223b693a393b733a31323a2244656c657465205573657273223b693a31303b733a31383a2244656c65746520557365722047726f757073223b693a31313b733a31373a2244656c6574652050726976696c65676573223b7d7d, '__ci_last_regenerate|i:1517196601;site_lang|s:2:\"en\";', 'Mozilla/5.0 (Windows NT 10.0; Win64; x64) AppleWebKit/537.36 (KHTML, like Gecko) Chrome/64.0.3282.119 Safari/537.36'),
('5122080bd3b66b139e38d6e1dbc6947f8a1a3815', '127.0.0.1', 1516954346, 0x5f5f63695f6c6173745f726567656e65726174657c693a313531363935343334363b736974655f6c616e677c733a323a22656e223b6e616d657c733a31303a2263695f73657373696f6e223b76616c75657c733a303a22223b6578706972657c733a303a22223b666c6578695f617574687c613a373a7b733a31393a226c6f67696e5f73657373696f6e5f746f6b656e223b733a34303a2232303166663761396237316331353763373638353039636165323637373135343162316235376434223b733a32323a226c6f676765645f696e5f7669615f70617373776f7264223b623a313b733a373a22757365725f6964223b733a313a2231223b733a31353a22757365725f6964656e746966696572223b733a353a2261646d696e223b733a353a2261646d696e223b623a313b733a353a2267726f7570223b613a313a7b693a333b733a31323a224d61737465722041646d696e223b7d733a31303a2270726976696c65676573223b613a31313a7b693a313b733a31303a2256696577205573657273223b693a323b733a31363a225669657720557365722047726f757073223b693a333b733a31353a22566965772050726976696c65676573223b693a343b733a31383a22496e7365727420557365722047726f757073223b693a353b733a31373a22496e736572742050726976696c65676573223b693a363b733a31323a22557064617465205573657273223b693a373b733a31383a2255706461746520557365722047726f757073223b693a383b733a31373a225570646174652050726976696c65676573223b693a393b733a31323a2244656c657465205573657273223b693a31303b733a31383a2244656c65746520557365722047726f757073223b693a31313b733a31373a2244656c6574652050726976696c65676573223b7d7d, '__ci_last_regenerate|i:1516954346;site_lang|s:2:\"en\";name|s:10:\"ci_session\";value|s:0:\"\";expire|s:0:\"\";flexi_auth|a:7:{s:19:\"login_session_token\";s:40:\"201ff7a9b71c157c768509cae26771541b1b57d4\";s:22:\"logged_in_via_password\";b:1;s:7:\"user_id\";s:1:\"1\";s:15:\"user_identifier\";s:5:\"admin\";s:5:\"admin\";b:1;s:5:\"group\";a:1:{i:3;s:12:\"Master Admin\";}s:10:\"privileges\";a:11:{i:1;s:10:\"View Users\";i:2;s:16:\"View User Groups\";i:3;s:15:\"View Privileges\";i:4;s:18:\"Insert User Groups\";i:5;s:17:\"Insert Privileges\";i:6;s:12:\"Update Users\";i:7;s:18:\"Update User Groups\";i:8;s:17:\"Update Privileges\";i:9;s:12:\"Delete Users\";i:10;s:18:\"Delete User Groups\";i:11;s:17:\"Delete Privileges\";}}', 'Mozilla/5.0 (Windows NT 10.0; Win64; x64) AppleWebKit/537.36 (KHTML, like Gecko) Chrome/64.0.3282.119 Safari/537.36'),
('54215f3a8533b9899bfb5c8a5471a43495d6eed2', '127.0.0.1', 1517212422, 0x5f5f63695f6c6173745f726567656e65726174657c693a313531373231323432323b736974655f6c616e677c733a323a22656e223b6e616d657c733a31303a2263695f73657373696f6e223b76616c75657c733a303a22223b6578706972657c733a303a22223b666c6578695f617574687c613a373a7b733a31393a226c6f67696e5f73657373696f6e5f746f6b656e223b733a34303a2234326561666261616135623336333562333863653063616335643033356334386338323431333166223b733a32323a226c6f676765645f696e5f7669615f70617373776f7264223b623a313b733a373a22757365725f6964223b733a323a223134223b733a31353a22757365725f6964656e746966696572223b733a31343a226c65776973726f6472696775657a223b733a353a2261646d696e223b623a313b733a353a2267726f7570223b613a313a7b693a353b733a353a224167656e74223b7d733a31303a2270726976696c65676573223b613a303a7b7d7d61757970656b7c733a3131393a22613a333a7b733a31313a22616c5f757365726e616d65223b733a353a2261646d696e223b733a393a22616c5f757365726964223b733a313a2231223b733a31303a22616c5f7365635f6b6579223b733a33323a226366616632393666316435393839623463663064353435346638316336326638223b7d223b, '__ci_last_regenerate|i:1517212422;site_lang|s:2:\"en\";name|s:10:\"ci_session\";value|s:0:\"\";expire|s:0:\"\";flexi_auth|a:7:{s:19:\"login_session_token\";s:40:\"42eafbaaa5b3635b38ce0cac5d035c48c824131f\";s:22:\"logged_in_via_password\";b:1;s:7:\"user_id\";s:2:\"14\";s:15:\"user_identifier\";s:14:\"lewisrodriguez\";s:5:\"admin\";b:1;s:5:\"group\";a:1:{i:5;s:5:\"Agent\";}s:10:\"privileges\";a:0:{}}auypek|s:119:\"a:3:{s:11:\"al_username\";s:5:\"admin\";s:9:\"al_userid\";s:1:\"1\";s:10:\"al_sec_key\";s:32:\"cfaf296f1d5989b4cf0d5454f81c62f8\";}\";', 'Mozilla/5.0 (Windows NT 10.0; Win64; x64) AppleWebKit/537.36 (KHTML, like Gecko) Chrome/64.0.3282.119 Safari/537.36'),
('80e2d01a2a59431fd408e50a548b306b09592f53', '127.0.0.1', 1517210096, 0x5f5f63695f6c6173745f726567656e65726174657c693a313531373231303039363b736974655f6c616e677c733a323a22656e223b6e616d657c733a31303a2263695f73657373696f6e223b76616c75657c733a303a22223b6578706972657c733a303a22223b666c6578695f617574687c613a373a7b733a31393a226c6f67696e5f73657373696f6e5f746f6b656e223b733a34303a2234326561666261616135623336333562333863653063616335643033356334386338323431333166223b733a32323a226c6f676765645f696e5f7669615f70617373776f7264223b623a313b733a373a22757365725f6964223b733a323a223134223b733a31353a22757365725f6964656e746966696572223b733a31343a226c65776973726f6472696775657a223b733a353a2261646d696e223b623a313b733a353a2267726f7570223b613a313a7b693a353b733a353a224167656e74223b7d733a31303a2270726976696c65676573223b613a303a7b7d7d61757970656b7c733a3131393a22613a333a7b733a31313a22616c5f757365726e616d65223b733a353a2261646d696e223b733a393a22616c5f757365726964223b733a313a2231223b733a31303a22616c5f7365635f6b6579223b733a33323a226366616632393666316435393839623463663064353435346638316336326638223b7d223b, '__ci_last_regenerate|i:1517210096;site_lang|s:2:\"en\";name|s:10:\"ci_session\";value|s:0:\"\";expire|s:0:\"\";flexi_auth|a:7:{s:19:\"login_session_token\";s:40:\"42eafbaaa5b3635b38ce0cac5d035c48c824131f\";s:22:\"logged_in_via_password\";b:1;s:7:\"user_id\";s:2:\"14\";s:15:\"user_identifier\";s:14:\"lewisrodriguez\";s:5:\"admin\";b:1;s:5:\"group\";a:1:{i:5;s:5:\"Agent\";}s:10:\"privileges\";a:0:{}}auypek|s:119:\"a:3:{s:11:\"al_username\";s:5:\"admin\";s:9:\"al_userid\";s:1:\"1\";s:10:\"al_sec_key\";s:32:\"cfaf296f1d5989b4cf0d5454f81c62f8\";}\";', 'Mozilla/5.0 (Windows NT 10.0; Win64; x64) AppleWebKit/537.36 (KHTML, like Gecko) Chrome/64.0.3282.119 Safari/537.36'),
('8eff334fab79fe9dadc8956c982041e6131ca46f', '127.0.0.1', 1517212057, 0x5f5f63695f6c6173745f726567656e65726174657c693a313531373231323035363b736974655f6c616e677c733a323a22656e223b6e616d657c733a31303a2263695f73657373696f6e223b76616c75657c733a303a22223b6578706972657c733a303a22223b666c6578695f617574687c613a373a7b733a31393a226c6f67696e5f73657373696f6e5f746f6b656e223b733a34303a2234326561666261616135623336333562333863653063616335643033356334386338323431333166223b733a32323a226c6f676765645f696e5f7669615f70617373776f7264223b623a313b733a373a22757365725f6964223b733a323a223134223b733a31353a22757365725f6964656e746966696572223b733a31343a226c65776973726f6472696775657a223b733a353a2261646d696e223b623a313b733a353a2267726f7570223b613a313a7b693a353b733a353a224167656e74223b7d733a31303a2270726976696c65676573223b613a303a7b7d7d61757970656b7c733a3131393a22613a333a7b733a31313a22616c5f757365726e616d65223b733a353a2261646d696e223b733a393a22616c5f757365726964223b733a313a2231223b733a31303a22616c5f7365635f6b6579223b733a33323a226366616632393666316435393839623463663064353435346638316336326638223b7d223b, '__ci_last_regenerate|i:1517212056;site_lang|s:2:\"en\";name|s:10:\"ci_session\";value|s:0:\"\";expire|s:0:\"\";flexi_auth|a:7:{s:19:\"login_session_token\";s:40:\"42eafbaaa5b3635b38ce0cac5d035c48c824131f\";s:22:\"logged_in_via_password\";b:1;s:7:\"user_id\";s:2:\"14\";s:15:\"user_identifier\";s:14:\"lewisrodriguez\";s:5:\"admin\";b:1;s:5:\"group\";a:1:{i:5;s:5:\"Agent\";}s:10:\"privileges\";a:0:{}}auypek|s:119:\"a:3:{s:11:\"al_username\";s:5:\"admin\";s:9:\"al_userid\";s:1:\"1\";s:10:\"al_sec_key\";s:32:\"cfaf296f1d5989b4cf0d5454f81c62f8\";}\";', 'Mozilla/5.0 (Windows NT 10.0; Win64; x64) AppleWebKit/537.36 (KHTML, like Gecko) Chrome/64.0.3282.119 Safari/537.36'),
('a20bb17e8e864cb8f090faafbcc5121444c3cdc9', '127.0.0.1', 1517217472, 0x5f5f63695f6c6173745f726567656e65726174657c693a313531373231373437323b736974655f6c616e677c733a323a22656e223b6e616d657c733a31303a2263695f73657373696f6e223b76616c75657c733a303a22223b6578706972657c733a303a22223b666c6578695f617574687c613a373a7b733a31393a226c6f67696e5f73657373696f6e5f746f6b656e223b733a34303a2262393837363336333731376430303163626362306239336339626138616230313331656264613537223b733a32323a226c6f676765645f696e5f7669615f70617373776f7264223b623a313b733a373a22757365725f6964223b733a323a223134223b733a31353a22757365725f6964656e746966696572223b733a31343a226c65776973726f6472696775657a223b733a353a2261646d696e223b623a313b733a353a2267726f7570223b613a313a7b693a353b733a353a224167656e74223b7d733a31303a2270726976696c65676573223b613a303a7b7d7d61757970656b7c733a3131393a22613a333a7b733a31313a22616c5f757365726e616d65223b733a353a2261646d696e223b733a393a22616c5f757365726964223b733a313a2231223b733a31303a22616c5f7365635f6b6579223b733a33323a226366616632393666316435393839623463663064353435346638316336326638223b7d223b, '__ci_last_regenerate|i:1517217472;site_lang|s:2:\"en\";name|s:10:\"ci_session\";value|s:0:\"\";expire|s:0:\"\";flexi_auth|a:7:{s:19:\"login_session_token\";s:40:\"b9876363717d001cbcb0b93c9ba8ab0131ebda57\";s:22:\"logged_in_via_password\";b:1;s:7:\"user_id\";s:2:\"14\";s:15:\"user_identifier\";s:14:\"lewisrodriguez\";s:5:\"admin\";b:1;s:5:\"group\";a:1:{i:5;s:5:\"Agent\";}s:10:\"privileges\";a:0:{}}auypek|s:119:\"a:3:{s:11:\"al_username\";s:5:\"admin\";s:9:\"al_userid\";s:1:\"1\";s:10:\"al_sec_key\";s:32:\"cfaf296f1d5989b4cf0d5454f81c62f8\";}\";', 'Mozilla/5.0 (Windows NT 10.0; Win64; x64) AppleWebKit/537.36 (KHTML, like Gecko) Chrome/64.0.3282.119 Safari/537.36'),
('ac29250c00236daf7e9c9df0abef8ecd3fd57092', '127.0.0.1', 1517220253, 0x5f5f63695f6c6173745f726567656e65726174657c693a313531373232303235333b736974655f6c616e677c733a323a22656e223b6e616d657c733a31303a2263695f73657373696f6e223b76616c75657c733a303a22223b6578706972657c733a303a22223b666c6578695f617574687c613a373a7b733a31393a226c6f67696e5f73657373696f6e5f746f6b656e223b733a34303a2262393837363336333731376430303163626362306239336339626138616230313331656264613537223b733a32323a226c6f676765645f696e5f7669615f70617373776f7264223b623a313b733a373a22757365725f6964223b733a323a223134223b733a31353a22757365725f6964656e746966696572223b733a31343a226c65776973726f6472696775657a223b733a353a2261646d696e223b623a313b733a353a2267726f7570223b613a313a7b693a353b733a353a224167656e74223b7d733a31303a2270726976696c65676573223b613a303a7b7d7d61757970656b7c733a3131393a22613a333a7b733a31313a22616c5f757365726e616d65223b733a353a2261646d696e223b733a393a22616c5f757365726964223b733a313a2231223b733a31303a22616c5f7365635f6b6579223b733a33323a226366616632393666316435393839623463663064353435346638316336326638223b7d223b, '__ci_last_regenerate|i:1517220253;site_lang|s:2:\"en\";name|s:10:\"ci_session\";value|s:0:\"\";expire|s:0:\"\";flexi_auth|a:7:{s:19:\"login_session_token\";s:40:\"b9876363717d001cbcb0b93c9ba8ab0131ebda57\";s:22:\"logged_in_via_password\";b:1;s:7:\"user_id\";s:2:\"14\";s:15:\"user_identifier\";s:14:\"lewisrodriguez\";s:5:\"admin\";b:1;s:5:\"group\";a:1:{i:5;s:5:\"Agent\";}s:10:\"privileges\";a:0:{}}auypek|s:119:\"a:3:{s:11:\"al_username\";s:5:\"admin\";s:9:\"al_userid\";s:1:\"1\";s:10:\"al_sec_key\";s:32:\"cfaf296f1d5989b4cf0d5454f81c62f8\";}\";', 'Mozilla/5.0 (Windows NT 10.0; Win64; x64) AppleWebKit/537.36 (KHTML, like Gecko) Chrome/64.0.3282.119 Safari/537.36'),
('cc3639479d49141f7b438bddac718c47f499901f', '127.0.0.1', 1517216939, 0x5f5f63695f6c6173745f726567656e65726174657c693a313531373231363933393b736974655f6c616e677c733a323a22656e223b6e616d657c733a31303a2263695f73657373696f6e223b76616c75657c733a303a22223b6578706972657c733a303a22223b666c6578695f617574687c613a373a7b733a31393a226c6f67696e5f73657373696f6e5f746f6b656e223b733a34303a2262393837363336333731376430303163626362306239336339626138616230313331656264613537223b733a32323a226c6f676765645f696e5f7669615f70617373776f7264223b623a313b733a373a22757365725f6964223b733a323a223134223b733a31353a22757365725f6964656e746966696572223b733a31343a226c65776973726f6472696775657a223b733a353a2261646d696e223b623a313b733a353a2267726f7570223b613a313a7b693a353b733a353a224167656e74223b7d733a31303a2270726976696c65676573223b613a303a7b7d7d61757970656b7c733a3131393a22613a333a7b733a31313a22616c5f757365726e616d65223b733a353a2261646d696e223b733a393a22616c5f757365726964223b733a313a2231223b733a31303a22616c5f7365635f6b6579223b733a33323a226366616632393666316435393839623463663064353435346638316336326638223b7d223b, '__ci_last_regenerate|i:1517216939;site_lang|s:2:\"en\";name|s:10:\"ci_session\";value|s:0:\"\";expire|s:0:\"\";flexi_auth|a:7:{s:19:\"login_session_token\";s:40:\"6e4d7e25aba6aa4553702b19d085a9a0d46b8acc\";s:22:\"logged_in_via_password\";b:1;s:7:\"user_id\";s:1:\"1\";s:15:\"user_identifier\";s:5:\"admin\";s:5:\"admin\";b:1;s:5:\"group\";a:1:{i:3;s:12:\"Master Admin\";}s:10:\"privileges\";a:11:{i:1;s:10:\"View Users\";i:2;s:16:\"View User Groups\";i:3;s:15:\"View Privileges\";i:4;s:18:\"Insert User Groups\";i:5;s:17:\"Insert Privileges\";i:6;s:12:\"Update Users\";i:7;s:18:\"Update User Groups\";i:8;s:17:\"Update Privileges\";i:9;s:12:\"Delete Users\";i:10;s:18:\"Delete User Groups\";i:11;s:17:\"Delete Privileges\";}}auypek|s:119:\"a:3:{s:11:\"al_username\";s:5:\"admin\";s:9:\"al_userid\";s:1:\"1\";s:10:\"al_sec_key\";s:32:\"cfaf296f1d5989b4cf0d5454f81c62f8\";}\";', 'Mozilla/5.0 (Windows NT 10.0; Win64; x64) AppleWebKit/537.36 (KHTML, like Gecko) Chrome/64.0.3282.119 Safari/537.36'),
('f8111c09e7fe0affb314635dfcf0d30b6442ca88', '127.0.0.1', 1517198178, 0x5f5f63695f6c6173745f726567656e65726174657c693a313531373139383137383b736974655f6c616e677c733a323a22656e223b6e616d657c733a31303a2263695f73657373696f6e223b76616c75657c733a303a22223b6578706972657c733a303a22223b666c6578695f617574687c613a373a7b733a31393a226c6f67696e5f73657373696f6e5f746f6b656e223b733a34303a2231373165616331613764356438633634613862323539333238373933666331353739326334633535223b733a32323a226c6f676765645f696e5f7669615f70617373776f7264223b623a313b733a373a22757365725f6964223b733a323a223134223b733a31353a22757365725f6964656e746966696572223b733a31343a226c65776973726f6472696775657a223b733a353a2261646d696e223b623a313b733a353a2267726f7570223b613a313a7b693a353b733a353a224167656e74223b7d733a31303a2270726976696c65676573223b613a303a7b7d7d61757970656b7c733a3131393a22613a333a7b733a31313a22616c5f757365726e616d65223b733a353a2261646d696e223b733a393a22616c5f757365726964223b733a313a2231223b733a31303a22616c5f7365635f6b6579223b733a33323a226366616632393666316435393839623463663064353435346638316336326638223b7d223b, '__ci_last_regenerate|i:1517198178;site_lang|s:2:\"en\";name|s:10:\"ci_session\";value|s:0:\"\";expire|s:0:\"\";flexi_auth|a:7:{s:19:\"login_session_token\";s:40:\"d5d06a150a87c7e60c770a5e6082fe47854fb91b\";s:22:\"logged_in_via_password\";b:1;s:7:\"user_id\";s:2:\"14\";s:15:\"user_identifier\";s:14:\"lewisrodriguez\";s:5:\"admin\";b:1;s:5:\"group\";a:1:{i:5;s:5:\"Agent\";}s:10:\"privileges\";a:0:{}}auypek|s:119:\"a:3:{s:11:\"al_username\";s:5:\"admin\";s:9:\"al_userid\";s:1:\"1\";s:10:\"al_sec_key\";s:32:\"cfaf296f1d5989b4cf0d5454f81c62f8\";}\";', 'Mozilla/5.0 (Windows NT 10.0; Win64; x64) AppleWebKit/537.36 (KHTML, like Gecko) Chrome/64.0.3282.119 Safari/537.36');

-- --------------------------------------------------------

--
-- Table structure for table `cp_log_photo`
--

CREATE TABLE `cp_log_photo` (
  `photo_id` int(11) NOT NULL,
  `log_id` int(11) NOT NULL,
  `photo_name` varchar(200) NOT NULL,
  `photo_url` text NOT NULL,
  `create_dttm` varchar(50) NOT NULL DEFAULT '0000-00-00 00:00:00'
) ENGINE=InnoDB DEFAULT CHARSET=latin1;

--
-- Dumping data for table `cp_log_photo`
--

INSERT INTO `cp_log_photo` (`photo_id`, `log_id`, `photo_name`, `photo_url`, `create_dttm`) VALUES
(1, 8, '2018-01-03--13-10000141A46537442516795399897', 'http://local-polisebox.com/assets/log_reports/2018-01-03--13-10000141A46537442516795399897', '2018-01-03 10:29:13'),
(2, 9, '2018-01-03--13-10000141A46537442516795399897', 'http://local-polisebox.com/assets/log_reports/2018-01-03--13-10000141A46537442516795399897', '2018-01-03 10:29:28');

-- --------------------------------------------------------

--
-- Table structure for table `cp_log_report`
--

CREATE TABLE `cp_log_report` (
  `log_id` int(11) NOT NULL,
  `cp_uacc_id` varchar(200) NOT NULL,
  `serial_number` varchar(200) NOT NULL,
  `create_dttm` varchar(50) NOT NULL DEFAULT '0000-00-00 00:00:00'
) ENGINE=InnoDB DEFAULT CHARSET=latin1;

--
-- Dumping data for table `cp_log_report`
--

INSERT INTO `cp_log_report` (`log_id`, `cp_uacc_id`, `serial_number`, `create_dttm`) VALUES
(4, '13', '10000141A46537442516795399897', '2018-01-03 10:03:59'),
(5, '13', '10000141A46537442516795399897', '2018-01-03 10:23:32'),
(6, '13', '10000141A46537442516795399897', '2018-01-03 10:25:29'),
(7, '13', '10000141A46537442516795399897', '2018-01-03 10:26:16'),
(8, '13', '10000141A46537442516795399897', '2018-01-03 10:29:13'),
(9, '13', '10000141A46537442516795399897', '2018-01-03 10:29:28');

-- --------------------------------------------------------

--
-- Table structure for table `far_bank`
--

CREATE TABLE `far_bank` (
  `bn_id` int(11) NOT NULL,
  `bn_name` varchar(200) NOT NULL DEFAULT ''
) ENGINE=InnoDB DEFAULT CHARSET=latin1;

--
-- Dumping data for table `far_bank`
--

INSERT INTO `far_bank` (`bn_id`, `bn_name`) VALUES
(1, 'CIMB Bank'),
(2, 'Maybank');

-- --------------------------------------------------------

--
-- Table structure for table `far_menu`
--

CREATE TABLE `far_menu` (
  `id` int(11) NOT NULL,
  `name` varchar(255) NOT NULL,
  `parent_id` int(11) DEFAULT NULL,
  `sort` int(11) DEFAULT NULL,
  `group_id` varchar(255) DEFAULT NULL,
  `link` varchar(255) DEFAULT NULL,
  `controller` varchar(255) DEFAULT NULL,
  `function` varchar(255) DEFAULT NULL,
  `visible` int(3) DEFAULT '1' COMMENT 'true or false',
  `page_title` varchar(255) DEFAULT NULL,
  `page_title_small` varchar(255) DEFAULT NULL,
  `icon-class` varchar(255) DEFAULT NULL
) ENGINE=InnoDB DEFAULT CHARSET=latin1;

--
-- Dumping data for table `far_menu`
--

INSERT INTO `far_menu` (`id`, `name`, `parent_id`, `sort`, `group_id`, `link`, `controller`, `function`, `visible`, `page_title`, `page_title_small`, `icon-class`) VALUES
(1, 'Dashboard', 0, 0, '3,4,5', 'ci_controller', 'auth_admin', 'dashboard', 1, NULL, NULL, 'icon-home'),
(3, 'My Profile', 5, 0, '3,4', 'ci_controller', 'profile', 'my_profile', 1, 'Profile', 'Overview', NULL),
(4, 'Change Password', 5, 0, '3,4', 'ci_controller', 'profile', 'account_settings', 1, 'Profile', 'Accounts Settings', NULL),
(5, 'Profile', 0, 0, '3,4', 'javascript: void();', '', '', 0, NULL, NULL, 'fa fa-user'),
(6, 'Report', 0, 0, '2,3', 'javascript: void();', '', '', 0, NULL, NULL, 'fa fa-bar-chart-o'),
(7, 'User Information', 6, 0, '3', 'ci_controller', 'users', 'admin_list_all_user', 1, 'Users', 'List All User', NULL),
(8, 'User Detail', 6, 0, '3', 'ci_controller', 'users', 'admin_view_contact_detail', 0, 'Users', 'View user Detail', NULL),
(9, 'Settings', 0, 990, '2,3', 'javascript: void();', '', '', 1, NULL, NULL, 'fa fa-gear'),
(10, 'General', 9, 0, '3', 'ci_controller', 'settings', 'admin_general', 0, 'Settings', 'General', NULL),
(13, 'Account Statement', 12, 0, '4', 'ci_controller', 'statement', 'member_account_statement', 0, 'Report', 'Account Statement', NULL),
(14, 'QR Code', 0, 40, '3,5', 'javascript: void();', '', '', 1, NULL, NULL, 'fa fa-qrcode'),
(15, 'List all QR Code', 14, 0, '3', 'ci_controller', 'qrcodes', 'admin_list_all_qrcode', 1, 'Qrcode', 'List', NULL),
(16, 'Agent', 0, 30, '2,3', 'ci_controller', 'agent', 'admin_list_all_agent', 1, NULL, NULL, 'fa fa-user-secret'),
(17, 'Police station', 9, 0, '3', 'ci_controller', 'settings', 'admin_list_police_station', 1, 'Settings', 'Police station', NULL),
(18, 'Qr Code Generator', 14, 0, '3', 'ci_controller', 'qrcodes', 'admin_generate_new_qrcode', 0, 'Qrcode', 'Generator', NULL),
(19, 'App Version', 9, 0, '3', 'ci_controller', 'settings', 'admin_app_version', 1, 'Settings', 'App Version', NULL),
(20, 'Developer Tools', 0, 1000, '3', 'javascript: void();', '', '', 1, NULL, NULL, 'fa fa-code'),
(21, 'Database Backup', 20, 0, '3', 'ci_controller', 'backup_db', 'admin_list_all_backup_db', 1, 'Developer Tool', 'Database Backup', NULL),
(22, 'Location Country', 9, 0, '3', 'ci_controller', 'settings', 'admin_list_all_country', 1, 'Settings', 'Location Country', NULL),
(23, 'Location State', 9, 0, '3', 'ci_controller', 'settings', 'admin_list_all_state', 1, 'Settings', 'Location State', NULL),
(24, 'Location City', 9, 0, '3', 'ci_controller', 'settings', 'admin_list_all_city', 1, 'Settings', 'Location City', NULL),
(25, 'OneSignal Push Notification', 9, 0, '3', 'ci_controller', 'settings', 'admin_push_notification', 1, 'Settings', 'OneSignal Push Notification', NULL),
(26, 'User Information', 0, 10, '3', 'ci_controller', 'users', 'admin_search_user', 1, NULL, NULL, 'fa fa-users'),
(27, 'Location Area', 9, 0, '3', 'ci_controller', 'settings', 'admin_list_all_area', 1, 'Settings', 'Location Area', NULL),
(28, 'Community Policing', 0, 20, '3', 'javascript: void();', '', '', 1, NULL, NULL, 'fa fa-cogs'),
(29, 'Search Volunteer', 28, 0, '3', 'ci_controller', 'cp', 'admin_search_volunteer', 1, 'Community Policing', 'Volunteer', NULL),
(30, 'Add Volunteer', 28, 0, '3', 'ci_controller', 'cp', 'admin_add_volunteer', 1, 'Community Policing', 'Add Volunteer', NULL),
(31, 'View Volunteer', 28, 0, '3', 'ci_controller', 'cp', 'admin_view_cp_detail', 0, 'Community Policing', 'View Volunteer', NULL),
(32, 'Announcement', 0, 500, '3', 'javascript: void();', '', '', 1, NULL, NULL, 'fa fa-bullhorn'),
(33, 'List Announcement', 32, 32, '3', 'ci_controller', 'announcement', 'admin_list_all_announcement', 1, NULL, NULL, ''),
(34, 'New Announcement', 32, 32, '3', 'ci_controller', 'announcement', 'admin_create_announcement', 0, NULL, NULL, ''),
(35, 'Translation', 9, 32, '3', 'ci_controller', 'translation', 'translator_list_all', 1, NULL, NULL, ''),
(36, 'Transfer QR Code', 14, 0, '3', 'ci_controller', 'qrcodes', 'admin_transfer_qrcode', 1, 'Qrcode', 'Transfer', NULL),
(37, 'List all QR Code', 14, 0, '5', 'ci_controller', 'qrcodes', 'agent_list_all_qrcode', 1, 'Qrcode', 'List', NULL);

-- --------------------------------------------------------

--
-- Table structure for table `far_meta`
--

CREATE TABLE `far_meta` (
  `meta_id` int(11) NOT NULL,
  `meta` varchar(200) NOT NULL,
  `value` text NOT NULL,
  `create_dttm` datetime NOT NULL
) ENGINE=InnoDB DEFAULT CHARSET=latin1;

--
-- Dumping data for table `far_meta`
--

INSERT INTO `far_meta` (`meta_id`, `meta`, `value`, `create_dttm`) VALUES
(1, 'title', 'Polis eBox', '0000-00-00 00:00:00'),
(2, 'footer_text', 'Polis eBox', '0000-00-00 00:00:00'),
(3, 'header_logo_url', '//lorempixel.com/235/46/sports/7/aa/', '0000-00-00 00:00:00'),
(4, 'list_available_wallet', 'far_wallet_alpha', '0000-00-00 00:00:00'),
(5, 'wallet_name_far_wallet_alpha', 'Cash Wallet', '0000-00-00 00:00:00'),
(6, 'currency_default', 'USD', '0000-00-00 00:00:00'),
(7, 'login_logo_url', '//local.intelmx.ga/assets/global/img/intelmx/logo-login.png', '0000-00-00 00:00:00'),
(8, 'app_version_android', '1', '0000-00-00 00:00:00'),
(9, 'app_version_ios', '1', '0000-00-00 00:00:00'),
(10, 'publish_store_status_android', 'development', '0000-00-00 00:00:00'),
(11, 'publish_store_status_ios', 'development', '0000-00-00 00:00:00'),
(12, 'onesignal_app_id', '5da4301a-2c7f-416f-b96a-bd44d9cf4f2a', '0000-00-00 00:00:00'),
(13, 'onesignal_api_key', 'MDIxM2U1NDktN2RkNi00YjQ2LWE0NzktMGIzYTQ1YTg5NjM0', '0000-00-00 00:00:00'),
(14, 'gosms_company', 'appdesign2', '0000-00-00 00:00:00'),
(15, 'gosms_username', 'appdesign2', '0000-00-00 00:00:00'),
(16, 'gosms_password', 'QURTMSsxPTI%3D', '0000-00-00 00:00:00');

-- --------------------------------------------------------

--
-- Table structure for table `far_smsout`
--

CREATE TABLE `far_smsout` (
  `fs_id` int(11) NOT NULL,
  `uacc_id` int(11) DEFAULT NULL,
  `msisdn` varchar(200) NOT NULL DEFAULT '',
  `message` varchar(200) NOT NULL DEFAULT '',
  `sent_status` varchar(50) NOT NULL DEFAULT 'queue',
  `sms_type` varchar(200) NOT NULL DEFAULT 'sms_invitation',
  `sent_dttm` varchar(50) NOT NULL DEFAULT '0000-00-00 00:00:00',
  `onewaysms_mtid` varchar(50) NOT NULL DEFAULT '0',
  `onewaysms_status` varchar(50) DEFAULT NULL
) ENGINE=InnoDB DEFAULT CHARSET=utf8;

--
-- Dumping data for table `far_smsout`
--

INSERT INTO `far_smsout` (`fs_id`, `uacc_id`, `msisdn`, `message`, `sent_status`, `sms_type`, `sent_dttm`, `onewaysms_mtid`, `onewaysms_status`) VALUES
(21285, NULL, '60122874443', 'Usahawan.me - Anda menerima 2 PIN daripada Rizuan Rais', 'queue_expired', 'transfer_pin_receiver', '2017-10-05 19:25:56', '1710050056631', NULL),
(21286, NULL, '60122874443', 'Usahawan.me - Anda menerima 4 PIN daripada Lina Usahawan', 'queue_expired', 'transfer_pin_receiver', '2017-10-05 19:27:48', '1710050056674', NULL),
(21287, NULL, '60137974467', 'Tahniah Cornelia Martinez! Pendaftaran berjaya. Login di https://www.usahawan.me/', 'queue_expired', 'account_registration_success', '2017-10-05 19:39:10', '1710050057625', NULL),
(21288, NULL, '60137974467', 'Tahniah Luella Bennett! Pendaftaran berjaya. Login di https://www.usahawan.me/', 'queue_expired', 'account_registration_success', '2017-10-05 19:44:22', '1710050059205', NULL),
(21289, NULL, '60137974467', 'Tahniah Dominic Palmer! Pendaftaran berjaya. Login di https://www.usahawan.me/', 'queue_expired', 'account_registration_success', '2017-10-05 19:48:41', '1710050060830', NULL),
(21290, NULL, '60122874443', 'Tahniah! Dominic Palmer telah daftar melalui link tajaan anda. Hubungi beliau di +60137974467 untuk upgrade ke Premium. Semoga maju jaya.', 'queue_expired', 'downline_register_thru_affiliate_link', '2017-10-05 19:48:41', '1710050060837', NULL),
(21291, NULL, '60137974467', 'Tahniah Johanna Herrera! Pendaftaran berjaya. Login di https://www.usahawan.me/ .\nUsername: johannaherrera5374', 'sent', 'account_registration_success', '2017-10-06 01:46:19', '1710060000958', NULL),
(21292, NULL, '60137974467', 'Tahniah Francis Holmes! Pendaftaran berjaya. Login di https://www.usahawan.me\n\nUsername: francisholmes9401\nPassword: 12345678\n', 'sent', 'account_registration_success', '2017-10-06 01:47:44', '1710060000964', NULL),
(21293, NULL, '60137974467', 'Tahniah Charles Murphy! Pendaftaran berjaya. Login di https://www.usahawan.me\n\nUsername: charlesmurphy2005\nPassword: 12345678\n', 'sent', 'account_registration_success', '2017-10-06 01:54:34', '1710060000994', NULL),
(21294, NULL, '60137974467', 'Tahniah Nicholas Goodwin! Pendaftaran berjaya. Login di https://www.usahawan.me\n\nUsername: nicholasgoodwin8892\nPassword: 12345678\n', 'sent', 'account_registration_success', '2017-10-06 01:56:18', '1710060001001', NULL),
(25238, 14, '60137974467', 'CP - Your OTP is ', 'sent', 'bulksms', '2018-01-24 17:38:41', '1', NULL),
(25239, 18, '60122913221', 'CP - Your OTP is ', 'sent', 'bulksms', '2018-01-24 17:41:10', '1', NULL),
(25240, 19, '60137974467', 'CP - Your OTP is ', 'sent', 'bulksms', '2018-01-24 17:43:07', '1', NULL),
(25241, 20, '60137974467', 'CP - Your OTP is 679817', 'sent', 'bulksms', '2018-01-24 17:45:44', '1', NULL),
(25242, 21, '60119713351', 'CP - Your OTP is 424587', 'sent', 'bulksms', '2018-01-29 17:09:16', '1', NULL);

-- --------------------------------------------------------

--
-- Table structure for table `far_translation`
--

CREATE TABLE `far_translation` (
  `trans_id` int(11) NOT NULL,
  `trans_meta` varchar(200) NOT NULL,
  `lang_en` text CHARACTER SET utf8 COLLATE utf8_unicode_ci NOT NULL,
  `lang_ja` text CHARACTER SET utf8 COLLATE utf8_unicode_ci NOT NULL COMMENT 'Japanese',
  `lang_ms` text CHARACTER SET utf8 COLLATE utf8_unicode_ci NOT NULL COMMENT 'Bahasa Melayu',
  `lang_zh` text CHARACTER SET utf8 COLLATE utf8_unicode_ci NOT NULL COMMENT 'Chinese',
  `lang_ko` text CHARACTER SET utf8 COLLATE utf8_unicode_ci NOT NULL,
  `trans_create_dttm` datetime NOT NULL
) ENGINE=MyISAM DEFAULT CHARSET=latin1;

--
-- Dumping data for table `far_translation`
--

INSERT INTO `far_translation` (`trans_id`, `trans_meta`, `lang_en`, `lang_ja`, `lang_ms`, `lang_zh`, `lang_ko`, `trans_create_dttm`) VALUES
(92, 'MENU_HOME', 'Home', '', 'Utama', '', '', '2018-01-17 14:59:57'),
(93, 'MENU_SERVICES', 'Services', '', 'Produk & Perkhidmatan', '', '', '2018-01-17 15:05:31'),
(94, 'MENU_TESTIMONI', 'Testimonials', '', 'Testimoni', '', '', '2018-01-17 15:32:03'),
(95, 'MENU_EXAMPLES', 'Examples', '', 'Contoh', '', '', '2018-01-17 15:32:44'),
(96, 'MENU_CONTACT', 'Contact', '', 'Hubungi', '', '', '2018-01-17 15:33:07'),
(97, 'FINDUS', 'Find Us', '', 'Hubungi Kami', '', '', '2018-01-17 15:47:44'),
(98, 'ABOUTUS', 'About Us', '', 'Tentang Kami', '', '', '2018-01-17 15:48:19'),
(99, 'PRIVACY_POLICY', 'Privacy Policy', '', 'Polisi Pengguna', '', '', '2018-01-17 15:48:52'),
(100, 'MENU_START_NOW', 'START NOW', '', 'MULA SEKARANG', '', '', '2018-01-17 15:50:35'),
(101, 'VISITOR', 'Visitor', '', 'Pengunjung', '', '', '2018-01-17 15:51:31'),
(102, 'CLIENTS', 'Clients', '', 'Pelanggan', '', '', '2018-01-17 15:51:51'),
(103, 'PLANS_AND_PRICING', 'Plans And Pricing', '', 'Harga Pakej', '', '', '2018-01-17 15:52:50'),
(104, 'PRODUCT_IMAGE', 'Product Image', '', 'Gambar Produk', '', '', '2018-01-17 15:53:19'),
(105, 'GETSTARTED', 'Get Started', '', 'Mulakan Sekarang', '', '', '2018-01-17 17:29:27'),
(106, 'HAVEANYDOUBTS', 'HAVE ANY DOUBTS?', '', 'SEBARANG SOALAN?', '', '', '2018-01-17 17:30:37'),
(107, 'CALLUSNOW', 'Call Us Now', '', 'Hubungi Kami Sekarang', '', '', '2018-01-17 17:31:17'),
(108, 'CONTACTWITHUS', 'CONTACT WITH US', '', 'HUBUNGI KAMI', '', '', '2018-01-17 17:31:59'),
(109, 'SENDMESSAGE', 'Send Message', '', 'Hantar Mesej', '', '', '2018-01-17 17:32:32'),
(110, 'POWEREDBY', 'Powered by', '', 'Dikuasakan oleh', '', '', '2018-01-17 17:33:13'),
(111, 'QUICKLINKS', 'Quick Links', '', 'Pautan Pantas', '', '', '2018-01-17 17:33:55'),
(112, 'MENU_LOGIN', 'Login', '', 'Log masuk', '', '', '2018-01-22 14:57:38'),
(113, 'COMMUNITY_POLICING_MALAYSIA', 'Community Policing Malaysia', '', 'Program Kepolisan Komuniti Malaysia', '', '', '2018-01-22 15:29:39'),
(114, 'WELCOME_TO_COPS', 'WELCOME to COPS', '', 'Selamat datang ke COPS', '', '', '2018-01-22 15:49:54'),
(115, 'TEXT_WHO_WE_ARE_SIMPLE', 'We are a non-profit organization and all members strive to work towards a safer community through close cooperation and understanding with the police. Our members consist of ordinary citizens, retired police officers and everyone who cares and concern for the safety of the society.', '', 'We are a non-profit organization and all members strive to work towards a safer community through close cooperation and understanding with the police. Our members consist of ordinary citizens, retired police officers and everyone who cares and concern for the safety of the society.', '', '', '2018-01-22 15:50:55'),
(116, 'MENU_PRICING', 'Pricing', '', 'Harga', '', '', '2018-01-22 18:47:28');

-- --------------------------------------------------------

--
-- Table structure for table `far_wallet_alpha`
--

CREATE TABLE `far_wallet_alpha` (
  `id` int(11) NOT NULL,
  `ref` varchar(200) NOT NULL,
  `trxno` varchar(200) NOT NULL,
  `sender` int(11) NOT NULL DEFAULT '0' COMMENT 'uacc_id',
  `receiver` int(11) NOT NULL COMMENT 'uacc_id',
  `amount` decimal(10,2) NOT NULL DEFAULT '0.00',
  `status` varchar(100) NOT NULL DEFAULT 'pending' COMMENT 'success',
  `remarks` text NOT NULL,
  `create_dttm` datetime NOT NULL,
  `update_dttm` datetime NOT NULL,
  `expired_dttm` datetime NOT NULL
) ENGINE=InnoDB DEFAULT CHARSET=latin1;

--
-- Dumping data for table `far_wallet_alpha`
--

INSERT INTO `far_wallet_alpha` (`id`, `ref`, `trxno`, `sender`, `receiver`, `amount`, `status`, `remarks`, `create_dttm`, `update_dttm`, `expired_dttm`) VALUES
(1, 'direct', 'TTRDASD3334', 0, 5, '0.00', 'success', 'test', '2016-06-13 00:00:00', '2016-06-14 00:00:00', '2016-06-16 00:00:00'),
(2, 'direct', 'TTRDASD3334', 0, 5, '2.00', 'success', 'test 2', '2016-06-13 00:00:00', '2016-06-14 00:00:00', '2016-06-16 00:00:00'),
(3, 'direct', 'TTRDASD3334', 0, 5, '0.03', 'success', 'test 3', '2016-06-13 00:00:00', '2016-06-14 00:00:00', '2016-06-16 00:00:00'),
(4, 'direct', 'TTRDASD3334', 0, 5, '0.10', 'success', 'test 4', '2016-06-13 00:00:00', '2016-06-14 00:00:00', '2016-06-16 00:00:00'),
(5, 'direct', 'TTRDASD3334', 0, 5, '5.00', 'success', 'test 5', '2016-06-13 00:00:00', '2016-06-14 00:00:00', '2016-06-16 00:00:00'),
(6, 'direct', 'TTRDASD3334', 0, 5, '0.60', 'success', 'test 6', '2016-06-13 00:00:00', '2016-06-14 00:00:00', '2016-06-16 00:00:00'),
(7, 'direct', 'TTRDASD3334', 0, 5, '0.01', 'success', 'test 7', '2016-06-13 00:00:00', '2016-06-14 00:00:00', '2016-06-16 00:00:00');

-- --------------------------------------------------------

--
-- Table structure for table `hauth_profile_facebook`
--

CREATE TABLE `hauth_profile_facebook` (
  `hf_id` int(11) NOT NULL,
  `hf_facebook_id` varchar(200) NOT NULL,
  `hf_name` varchar(200) DEFAULT NULL,
  `hf_email` varchar(200) DEFAULT NULL
) ENGINE=InnoDB DEFAULT CHARSET=utf8;

-- --------------------------------------------------------

--
-- Table structure for table `location_area`
--

CREATE TABLE `location_area` (
  `area_id` int(11) NOT NULL,
  `area_name` varchar(200) NOT NULL,
  `lct_id` int(11) NOT NULL
) ENGINE=InnoDB DEFAULT CHARSET=latin1;

--
-- Dumping data for table `location_area`
--

INSERT INTO `location_area` (`area_id`, `area_name`, `lct_id`) VALUES
(3, 'Seksyen 11', 480),
(4, 'Seksyen 15', 480);

-- --------------------------------------------------------

--
-- Table structure for table `location_city`
--

CREATE TABLE `location_city` (
  `lct_id` int(11) NOT NULL,
  `ls_id` int(11) NOT NULL,
  `lct_name` varchar(200) NOT NULL
) ENGINE=InnoDB DEFAULT CHARSET=latin1;

--
-- Dumping data for table `location_city`
--

INSERT INTO `location_city` (`lct_id`, `ls_id`, `lct_name`) VALUES
(1, 12, 'Permaisuri'),
(2, 4, 'Papar'),
(3, 1, 'Air Hitam'),
(4, 9, 'Air Itam'),
(5, 12, 'Ajil'),
(7, 7, 'Alor  Setar'),
(9, 2, 'Alor Gajah'),
(10, 12, 'Alor Lintang, Besut'),
(11, 7, 'Alor Setar'),
(13, 3, 'Ampang'),
(14, 14, 'Arau'),
(15, 1, 'Asahan'),
(16, 5, 'Asajaya'),
(17, 1, 'Ayer Baloi'),
(19, 1, 'Ayer Hitam'),
(20, 9, 'Ayer Itam'),
(21, 2, 'Ayer Keroh'),
(22, 10, 'Ayer Lanas'),
(23, 6, 'Ayer Tawar'),
(25, 10, 'Bachok'),
(27, 6, 'Bagan Datoh'),
(28, 6, 'Bagan Serai'),
(29, 13, 'Bahau'),
(30, 1, 'Bakri'),
(31, 9, 'Balik Pulau'),
(32, 7, 'Baling'),
(33, 12, 'Bandar Al-mukhtafil Bilal'),
(34, 7, 'Bandar Baharu'),
(35, 3, 'Bandar Baru Bangi'),
(36, 6, 'Bandar Baru Seri Iskandar'),
(37, 11, 'Bandar Bera'),
(38, 8, 'Bandar Bukit Jalil'),
(39, 7, 'Bandar Bukit Kayu Hitam'),
(40, 11, 'Bandar Jengka'),
(41, 1, 'Bandar Penawar'),
(42, 12, 'Bandar Permaisuri'),
(43, 3, 'Bandar Puncak Alam'),
(44, 13, 'Bandar Seri Jempol'),
(46, 9, 'Bandar Tasek Mutiara'),
(47, 1, 'Bandar Tenggara'),
(53, 11, 'Bandar Tun Razak'),
(54, 8, 'Bandar Tun Razak , Cheras'),
(55, 3, 'Banting'),
(56, 5, 'Baram'),
(57, 3, 'Batang Berjuntai'),
(58, 3, 'Batang Kali'),
(59, 1, 'Batu  Pahat'),
(60, 1, 'Batu Anam'),
(61, 3, 'Batu Arang'),
(62, 2, 'Batu Berendam'),
(63, 3, 'Batu Caves'),
(64, 9, 'Batu Feringgi'),
(65, 6, 'Batu Gajah'),
(66, 13, 'Batu Kikir'),
(68, 6, 'Batu Kurau'),
(69, 5, 'Batu Niah'),
(70, 1, 'Batu Pahat'),
(72, 5, 'Bau'),
(73, 9, 'Bayan Baru'),
(74, 9, 'Bayan Lepas'),
(75, 3, 'Bandar Puncak Alam'),
(76, 4, 'Beaufort'),
(77, 7, 'Bedong'),
(78, 6, 'Behrang Stesen'),
(79, 5, 'Bekenu'),
(80, 1, 'Bekok'),
(81, 5, 'Belaga'),
(82, 5, 'Belawai'),
(83, 4, 'Beluran'),
(84, 2, 'Bemban'),
(85, 11, 'Benta'),
(86, 11, 'Bentong'),
(87, 1, 'Benut'),
(89, 11, 'Bera'),
(90, 3, 'Beranang'),
(91, 6, 'Beruas'),
(92, 14, 'Beseri'),
(93, 3, 'Bestari Jaya'),
(94, 12, 'Besut'),
(95, 5, 'Betong'),
(96, 6, 'Bidor'),
(97, 5, 'Bintangor'),
(98, 5, 'Bintulu'),
(99, 13, 'Bkt Pelandok'),
(100, 4, 'Bongawan'),
(101, 6, 'Bota'),
(102, 11, 'Brinchang'),
(103, 3, 'Bukit Beruntung'),
(104, 12, 'Bukit Besi'),
(105, 3, 'Bukit Fraser'),
(106, 1, 'Bukit Gambir'),
(107, 7, 'Bukit Kayu Hitam'),
(108, 1, 'Bukit Kepong'),
(109, 14, 'Bukit Keteri'),
(110, 9, 'Bukit Mertajam'),
(111, 1, 'Bukit Pasir'),
(112, 12, 'Bukit Payong'),
(113, 3, 'Bukit Rotan'),
(114, 1, 'Buloh Kasap'),
(115, 9, 'Butterworth'),
(116, 11, 'Cameron Highlands'),
(117, 1, 'Chaah'),
(118, 12, 'Chalok'),
(119, 6, 'Changkat Jering'),
(121, 6, 'Changkat Keruing'),
(123, 7, 'Changlun'),
(124, 6, 'Chemor'),
(125, 6, 'Chenderiang'),
(126, 6, 'Chenderong Balai'),
(127, 11, 'Chenor'),
(128, 10, 'Cherang  Ruku'),
(129, 3, 'Cheras'),
(130, 6, 'Chikus'),
(131, 11, 'Chini'),
(133, 12, 'Chukai Kemaman'),
(137, 3, 'Cyberjaya'),
(138, 10, 'Dabong'),
(139, 5, 'Dalat'),
(140, 5, 'Daro'),
(141, 5, 'Debak'),
(142, 3, 'Dengkil'),
(143, 12, 'Dungun'),
(144, 2, 'Durian Tunggal'),
(145, 1, 'Endau'),
(146, 6, 'Enggor'),
(147, 5, 'Engkilili'),
(148, 11, 'Gambang'),
(149, 1, 'Gelang Patah'),
(150, 9, 'Gelugor'),
(151, 1, 'Gemas'),
(152, 13, 'Gemencheh'),
(153, 11, 'Genting Highlands'),
(155, 9, 'Georgetown'),
(156, 6, 'Gerik'),
(157, 1, 'Gersik'),
(158, 3, 'Gombak'),
(159, 6, 'Gopeng'),
(160, 6, 'Grik'),
(161, 1, 'Grisek'),
(162, 10, 'Gua Musang'),
(163, 7, 'Guar Chempedak'),
(164, 6, 'Gunong Semanggol'),
(165, 7, 'Gurun'),
(166, 3, 'Hulu Langat'),
(167, 6, 'Hutan Melintang'),
(168, 4, 'Inanam'),
(169, 6, 'Ipoh'),
(170, 2, 'Jasin'),
(171, 13, 'Jelebu'),
(172, 10, 'Jeli'),
(173, 9, 'Jelutong'),
(174, 1, 'Jemaluang, Mersing'),
(175, 1, 'Jementah'),
(176, 11, 'Jengka'),
(177, 7, 'Jeniang'),
(178, 3, 'Jenjarom'),
(179, 6, 'Jeram'),
(180, 11, 'Jerantut'),
(181, 12, 'Jerteh'),
(182, 12, 'Jertih'),
(183, 7, 'Jitra'),
(184, 13, 'Johol'),
(185, 1, 'Johor Bahru'),
(186, 13, 'Juasseh'),
(187, 5, 'Julau'),
(189, 3, 'K.kubu Bharu'),
(190, 5, 'Kabong'),
(191, 1, 'Kahang'),
(192, 3, 'Kajang'),
(193, 14, 'Kaki Bukit'),
(194, 6, 'Kampar'),
(197, 12, 'Kampong Raja'),
(198, 6, 'Kampung Gajah'),
(200, 6, 'Kamunting'),
(201, 14, 'Kangar'),
(202, 5, 'Kanowit'),
(203, 3, 'Kapar'),
(204, 5, 'Kapit'),
(205, 11, 'Karak'),
(207, 7, 'Karangan'),
(208, 1, 'Kayu Ara Pasong'),
(209, 2, 'Kem Terendak'),
(210, 12, 'Kemaman'),
(211, 12, 'Kemasik'),
(212, 11, 'Kemayan'),
(214, 4, 'Keningau'),
(215, 7, 'Kepala Batas'),
(216, 3, 'Kepong'),
(217, 11, 'Kerdau'),
(218, 3, 'Kerling'),
(219, 12, 'Kerteh'),
(220, 12, 'Ketengah Jaya'),
(221, 10, 'Ketereh'),
(222, 6, 'Kg Gajah'),
(223, 6, 'Kg Kepayang'),
(225, 12, 'Kijal'),
(226, 4, 'Kinabatangan'),
(227, 3, 'Klang'),
(229, 6, 'Klian Intan'),
(230, 1, 'Kluang'),
(231, 7, 'Kodiang'),
(232, 13, 'Kota'),
(233, 10, 'Kota  Bharu'),
(235, 4, 'Kota Belud'),
(237, 10, 'Kota Bharu'),
(238, 4, 'Kota Kinabalu'),
(240, 4, 'Kota Kinabatangan'),
(241, 7, 'Kota Kuala Muda'),
(242, 4, 'Kota Marudu'),
(243, 5, 'Kota Samarahan'),
(244, 7, 'Kota Sarang Semut'),
(245, 1, 'Kota Tinggi'),
(246, 7, 'Kuala  Ketil'),
(248, 7, 'Kuala  Nerang'),
(249, 10, 'Kuala Balah'),
(250, 12, 'Kuala Berang'),
(251, 12, 'Kuala Besut'),
(252, 6, 'Kuala Kangsar'),
(254, 7, 'Kuala Kedah'),
(255, 7, 'Kuala Ketil'),
(256, 13, 'Kuala Klawang'),
(258, 10, 'Kuala Krai'),
(259, 11, 'Kuala Krau'),
(261, 3, 'Kuala Kubu Bharu'),
(263, 6, 'Kuala Kurau'),
(265, 3, 'Kuala Langat'),
(266, 11, 'Kuala Lipis'),
(267, 3, 'Kuala Lumpur'),
(268, 7, 'Kuala Nerang'),
(269, 4, 'Kuala Penyu'),
(271, 14, 'Kuala Perlis'),
(272, 13, 'Kuala Pilah'),
(273, 11, 'Kuala Rompin'),
(274, 3, 'Kuala Selangor'),
(275, 6, 'Kuala Sepetang'),
(277, 2, 'Kuala Sg. Baru'),
(278, 2, 'Kuala Sungai Baru'),
(279, 12, 'Kuala Terengganu'),
(281, 11, 'Kuantan'),
(282, 9, 'Kubang Semang'),
(283, 5, 'Kuching'),
(284, 4, 'Kudat'),
(285, 1, 'Kukup'),
(286, 1, 'Kulai'),
(287, 1, 'Kulaijaya'),
(288, 7, 'Kulim'),
(289, 4, 'Kunak'),
(290, 1, 'Kundang Ulu'),
(291, 7, 'Kupang'),
(292, 1, 'Labis'),
(293, 13, 'Labu'),
(294, 15, 'Labuan'),
(295, 4, 'Lahad Datu'),
(296, 6, 'Lahat'),
(297, 6, 'Lambor'),
(298, 6, 'Lambor Kanan'),
(299, 11, 'Lanchang'),
(300, 7, 'Langgar'),
(301, 6, 'Langkap'),
(302, 7, 'Langkawi'),
(303, 5, 'Lawas'),
(304, 1, 'Layang-layang'),
(305, 1, 'Ledang'),
(306, 1, 'Lenga'),
(307, 13, 'Lenggeng'),
(308, 6, 'Lenggong'),
(309, 4, 'Likas'),
(310, 5, 'Limbang'),
(311, 13, 'Linggi'),
(312, 5, 'Long Lama'),
(313, 5, 'Lubok Antu'),
(314, 2, 'Lubok China'),
(315, 7, 'Lubuk Merbau'),
(316, 13, 'Lukut'),
(317, 6, 'Lumut'),
(318, 7, 'Lunas'),
(319, 5, 'Lundu'),
(320, 11, 'Lurah Bilut'),
(321, 10, 'Machang'),
(322, 6, 'Malim Nawar'),
(323, 6, 'Mambang Di Awan'),
(325, 6, 'Manong'),
(326, 13, 'Mantin'),
(327, 11, 'Maran'),
(328, 12, 'Marang'),
(331, 5, 'Marudi, Baram'),
(332, 1, 'Masai'),
(333, 2, 'Masjid Tanah'),
(335, 14, 'Mata Ayer'),
(336, 6, 'Matang'),
(337, 2, 'Melaka'),
(338, 2, 'Melaka Tengah'),
(339, 10, 'Melor'),
(340, 4, 'Membakut'),
(341, 4, 'Menggatal'),
(342, 11, 'Mengkarak'),
(343, 11, 'Mengkuang'),
(344, 6, 'Menglembu'),
(345, 11, 'Mentakab'),
(346, 4, 'Menumbok'),
(347, 7, 'Merbok'),
(348, 2, 'Merlimau'),
(349, 11, 'Mersing'),
(350, 5, 'Miri'),
(351, 11, 'Muadzam Shah'),
(352, 1, 'Muar'),
(353, 5, 'Mukah'),
(354, 4, 'Nabawan'),
(355, 5, 'Niah'),
(356, 7, 'Nibong Tebal'),
(358, 13, 'Nilai'),
(359, 1, 'Nusajaya'),
(360, 14, 'Padang Besar'),
(362, 14, 'Padang Besar Utara'),
(363, 6, 'Padang Rengas'),
(364, 7, 'Padang Serai'),
(366, 11, 'Padang Tengku'),
(367, 1, 'Pagoh'),
(368, 12, 'Paka'),
(369, 5, 'Pakan'),
(370, 10, 'Palekbang'),
(371, 1, 'Paloh'),
(372, 1, 'Panchor'),
(373, 6, 'Pangkor'),
(374, 6, 'Pantai Remis'),
(375, 4, 'Papar'),
(376, 6, 'Parit'),
(377, 1, 'Parit Bakar'),
(378, 6, 'Parit Buntar'),
(379, 1, 'Parit Jawa'),
(380, 1, 'Parit Raja'),
(381, 1, 'Parit Sikom'),
(382, 1, 'Parit Sulong'),
(383, 1, 'Parit Yaani'),
(384, 10, 'Pasir Mas'),
(385, 1, 'Pasir Gudang'),
(386, 10, 'Pasir Mas'),
(387, 13, 'Pasir Panjang'),
(388, 10, 'Pasir Puteh'),
(389, 13, 'Pedas'),
(390, 11, 'Pekan'),
(391, 1, 'Pekan Nanas'),
(392, 3, 'Pelabuhan Klang'),
(393, 9, 'Penaga'),
(394, 4, 'Penampang'),
(395, 7, 'Pendang'),
(396, 1, 'Penerok'),
(397, 1, 'Pengerang'),
(398, 6, 'Pengkalan Hulu'),
(399, 10, 'Pengkalan Kubor'),
(400, 9, 'Perai'),
(401, 12, 'Permaisuri'),
(402, 9, 'Permatang Pauh'),
(404, 3, 'Petaling Jaya'),
(405, 4, 'Pitas'),
(406, 7, 'Pokok Sena'),
(407, 1, 'Pontian'),
(408, 13, 'Port Dickson'),
(409, 3, 'Puchong'),
(410, 10, 'Pulai Chondong'),
(411, 3, 'Pulau Carey'),
(412, 9, 'Pulau Pinang'),
(413, 3, 'Puncak Alam'),
(414, 5, 'Pusa'),
(415, 6, 'Pusing'),
(416, 4, 'Putatan'),
(417, 16, 'Putrajaya'),
(418, 4, 'Ranau'),
(419, 13, 'Rantau'),
(420, 6, 'Rantau Panjang'),
(421, 3, 'Rasa'),
(422, 11, 'Raub'),
(423, 3, 'Rawang'),
(424, 13, 'Rembau'),
(426, 1, 'Rengam'),
(427, 1, 'Renggam'),
(428, 1, 'Rengit'),
(429, 11, 'Ringlet'),
(430, 5, 'Roban'),
(431, 11, 'Rompin'),
(432, 3, 'Sabak Bernam'),
(433, 5, 'Sadong'),
(434, 1, 'Sagil'),
(436, 6, 'Salak Utara'),
(437, 4, 'Sandakan'),
(438, 14, 'Sanglang'),
(439, 5, 'Saratok'),
(440, 5, 'Sarikei'),
(441, 6, 'Sauk'),
(443, 5, 'Sebauh, Bintulu'),
(444, 5, 'Sebuyau'),
(445, 11, 'Sega'),
(446, 1, 'Segamat'),
(447, 3, 'Sekinchan'),
(448, 6, 'Selama'),
(449, 2, 'Selandar'),
(450, 6, 'Selekoh'),
(451, 10, 'Selising'),
(452, 6, 'Semanggol'),
(453, 5, 'Sematan'),
(454, 3, 'Semenyih'),
(455, 1, 'Semerah'),
(456, 4, 'Semporna'),
(457, 1, 'Senai'),
(458, 13, 'Senawang'),
(459, 1, 'Senggarang'),
(460, 3, 'Sepang'),
(461, 3, 'Serdang'),
(462, 13, 'Seremban'),
(463, 3, 'Serendah'),
(464, 1, 'Seri Gading'),
(465, 6, 'Seri Iskandar'),
(466, 3, 'Seri Kembangan'),
(467, 6, 'Seri Manjung'),
(468, 1, 'Seri Medan'),
(469, 13, 'Seri Menanti'),
(470, 5, 'Serian'),
(471, 1, 'Serkat'),
(472, 1, 'Serom'),
(473, 8, 'Setapak'),
(474, 12, 'Setiu'),
(475, 3, 'Sg Air Tawar'),
(477, 6, 'Sg. Siput (u)'),
(478, 3, 'Sg.pelek'),
(479, 7, 'Sg.petani'),
(480, 3, 'Shah Alam'),
(481, 13, 'Si Rusa'),
(482, 13, 'Si Rusa, Port Dickson'),
(483, 5, 'Sibu'),
(484, 7, 'Sik'),
(485, 13, 'Siliau'),
(486, 6, 'Simpang'),
(487, 9, 'Simpang Ampat'),
(488, 13, 'Simpang Durian'),
(490, 6, 'Simpang Empat Semanggol'),
(491, 13, 'Simpang Pertang'),
(492, 1, 'Simpang Renggam'),
(493, 5, 'Simunjan'),
(494, 7, 'Sintok'),
(495, 4, 'Sipitang'),
(497, 6, 'Siputeh'),
(498, 13, 'Sirusa'),
(499, 6, 'Sitiawan'),
(500, 1, 'Skudai'),
(501, 6, 'Slim River'),
(502, 5, 'Song'),
(503, 5, 'Spaoh'),
(504, 9, 'Spg  Ampat'),
(505, 9, 'Spg Ampat'),
(506, 13, 'Spg. Pertang'),
(507, 5, 'Sri Aman'),
(508, 1, 'Sri Gading'),
(509, 5, 'Suai, Subis'),
(510, 3, 'Subang Jaya'),
(511, 3, 'Sungai Air Tawar'),
(512, 9, 'Sungai Bakap'),
(513, 1, 'Sungai Balang'),
(514, 3, 'Sungai Besar'),
(515, 3, 'Sungai Buloh'),
(516, 13, 'Sungai Gadut'),
(517, 7, 'Sungai Jawi'),
(518, 7, 'Sungai Karangan'),
(519, 11, 'Sungai Lembing'),
(520, 1, 'Sungai Mati'),
(521, 3, 'Sungai Pelek'),
(523, 7, 'Sungai Petani'),
(524, 2, 'Sungai Rambai'),
(525, 6, 'Sungai Siput (u)'),
(527, 6, 'Sungai Sumun'),
(528, 12, 'Sungai Tong'),
(529, 2, 'Sungai Udang'),
(530, 6, 'Sungkai'),
(531, 6, 'Taiping'),
(532, 4, 'Tambunan'),
(533, 4, 'Tamparuli'),
(534, 2, 'Tampin'),
(535, 2, 'Tampin Pos'),
(536, 10, 'Tanah Merah'),
(538, 11, 'Tanah Rata'),
(539, 1, 'Tangkak'),
(540, 13, 'Tanjong Ipoh'),
(541, 3, 'Tanjong Karang'),
(542, 2, 'Tanjong Kling'),
(543, 6, 'Tanjong Malim'),
(544, 6, 'Tanjong Piandang'),
(545, 6, 'Tanjong Rambutan'),
(546, 3, 'Tanjong Sepat'),
(547, 6, 'Tanjong Tualang'),
(549, 4, 'Tanjung Aru, K. Kinabalu'),
(550, 9, 'Tanjung Bungah'),
(551, 13, 'Tanjung Ipoh'),
(552, 2, 'Tanjung Kling'),
(553, 3, 'Tanjung Malim'),
(554, 6, 'Tanjung Piandang'),
(555, 6, 'Tanjung Rambutan'),
(556, 3, 'Tanjung Sepat'),
(557, 6, 'Tanjung Tualang'),
(558, 6, 'Tapah'),
(559, 6, 'Tapah Road'),
(560, 9, 'Tasek Gelugor'),
(562, 5, 'Tatau'),
(563, 4, 'Tawau'),
(564, 2, 'Tebong'),
(565, 9, 'Telok Bahang'),
(566, 1, 'Telok Kerang'),
(567, 2, 'Telok Mas'),
(568, 3, 'Telok Panglima Garang'),
(569, 9, 'Teluk Bahang'),
(570, 6, 'Teluk Intan'),
(571, 4, 'Telupid'),
(572, 10, 'Temangan'),
(573, 11, 'Temerloh'),
(574, 6, 'Temoh'),
(575, 4, 'Tenom'),
(576, 6, 'Teronoh'),
(577, 2, 'Tg. Kling'),
(578, 3, 'Tg. Malim'),
(579, 3, 'Tg. Sepat'),
(580, 7, 'Tikam Batu'),
(581, 13, 'Titi'),
(582, 3, 'Telok Panglima Garang'),
(583, 1, 'Tongkang Pechah'),
(584, 11, 'Triang'),
(585, 6, 'Trolak'),
(586, 6, 'Trong'),
(587, 6, 'Tronoh'),
(588, 4, 'Tuaran'),
(589, 10, 'Tumpat'),
(590, 11, 'Tun Abdul Razak Jengka'),
(591, 11, 'Tun Razak'),
(592, 3, 'Uep Subang Jaya'),
(593, 6, 'Ulu Bernam'),
(594, 6, 'Ulu Kinta'),
(595, 1, 'Ulu Tiram'),
(599, 10, 'Wakaf Bharu'),
(600, 15, 'Wp Labuan'),
(601, 7, 'Yan'),
(602, 1, 'Yong Peng');

-- --------------------------------------------------------

--
-- Table structure for table `location_country`
--

CREATE TABLE `location_country` (
  `lc_id` int(11) NOT NULL,
  `lc_code` varchar(10) NOT NULL,
  `lc_name` varchar(200) NOT NULL DEFAULT '',
  `lc_name_fr` varchar(10) NOT NULL
) ENGINE=InnoDB DEFAULT CHARSET=utf8;

--
-- Dumping data for table `location_country`
--

INSERT INTO `location_country` (`lc_id`, `lc_code`, `lc_name`, `lc_name_fr`) VALUES
(6, 'AD', 'Andorra', 'Andorre'),
(7, 'AE', 'United Arab Emirates', 'Émirats ar'),
(8, 'AF', 'Afghanistan', 'Afghanista'),
(9, 'AG', 'Antigua and Barbuda', 'Antigua-et'),
(10, 'AI', 'Anguilla', 'Anguilla'),
(11, 'AL', 'Albania', 'Albanie'),
(12, 'AM', 'Armenia', 'Arménie'),
(13, 'AO', 'Angola', 'Angola'),
(14, 'AQ', 'Antarctica', 'Antarctiqu'),
(15, 'AR', 'Argentina', 'Argentine'),
(16, 'AS', 'American Samoa', 'Samoa amér'),
(17, 'AT', 'Austria', 'Autriche'),
(18, 'AU', 'Australia', 'Australie'),
(19, 'AW', 'Aruba', 'Aruba'),
(20, 'AX', 'Åland Islands', 'Îles d\'Åla'),
(21, 'AZ', 'Azerbaijan', 'Azerbaïdja'),
(22, 'BA', 'Bosnia and Herzegovina', 'Bosnie-Her'),
(23, 'BB', 'Barbados', 'Barbade'),
(24, 'BD', 'Bangladesh', 'Bangladesh'),
(25, 'BE', 'Belgium', 'Belgique'),
(26, 'BF', 'Burkina Faso', 'Burkina Fa'),
(27, 'BG', 'Bulgaria', 'Bulgarie'),
(28, 'BH', 'Bahrain', 'Bahreïn'),
(29, 'BI', 'Burundi', 'Burundi'),
(30, 'BJ', 'Benin', 'Bénin'),
(31, 'BL', 'Saint Barthélemy', 'Saint-Bart'),
(32, 'BM', 'Bermuda', 'Bermudes'),
(33, 'BN', 'Brunei Darussalam', 'Brunei Dar'),
(34, 'BO', 'Bolivia', 'Bolivie'),
(35, 'BQ', 'Caribbean Netherlands ', 'Pays-Bas c'),
(36, 'BR', 'Brazil', 'Brésil'),
(37, 'BS', 'Bahamas', 'Bahamas'),
(38, 'BT', 'Bhutan', 'Bhoutan'),
(39, 'BV', 'Bouvet Island', 'Île Bouvet'),
(40, 'BW', 'Botswana', 'Botswana'),
(41, 'BY', 'Belarus', 'Bélarus'),
(42, 'BZ', 'Belize', 'Belize'),
(43, 'CA', 'Canada', 'Canada'),
(44, 'CC', 'Cocos (Keeling) Islands', 'Îles Cocos'),
(45, 'CD', 'Congo, Democratic Republic of', 'Congo, Rép'),
(46, 'CF', 'Central African Republic', 'République'),
(47, 'CG', 'Congo', 'Congo'),
(48, 'CH', 'Switzerland', 'Suisse'),
(49, 'CI', 'Côte d\'Ivoire', 'Côte d\'Ivo'),
(50, 'CK', 'Cook Islands', 'Îles Cook'),
(51, 'CL', 'Chile', 'Chili'),
(52, 'CM', 'Cameroon', 'Cameroun'),
(53, 'CN', 'China', 'Chine'),
(54, 'CO', 'Colombia', 'Colombie'),
(55, 'CR', 'Costa Rica', 'Costa Rica'),
(56, 'CU', 'Cuba', 'Cuba'),
(57, 'CV', 'Cape Verde', 'Cap-Vert'),
(58, 'CW', 'Curaçao', 'Curaçao'),
(59, 'CX', 'Christmas Island', 'Île Christ'),
(60, 'CY', 'Cyprus', 'Chypre'),
(61, 'CZ', 'Czech Republic', 'République'),
(62, 'DE', 'Germany', 'Allemagne'),
(63, 'DJ', 'Djibouti', 'Djibouti'),
(64, 'DK', 'Denmark', 'Danemark'),
(65, 'DM', 'Dominica', 'Dominique'),
(66, 'DO', 'Dominican Republic', 'République'),
(67, 'DZ', 'Algeria', 'Algérie'),
(68, 'EC', 'Ecuador', 'Équateur'),
(69, 'EE', 'Estonia', 'Estonie'),
(70, 'EG', 'Egypt', 'Égypte'),
(71, 'EH', 'Western Sahara', 'Sahara Occ'),
(72, 'ER', 'Eritrea', 'Érythrée'),
(73, 'ES', 'Spain', 'Espagne'),
(74, 'ET', 'Ethiopia', 'Éthiopie'),
(75, 'FI', 'Finland', 'Finlande'),
(76, 'FJ', 'Fiji', 'Fidji'),
(77, 'FK', 'Falkland Islands', 'Îles Malou'),
(78, 'FM', 'Micronesia, Federated States of', 'Micronésie'),
(79, 'FO', 'Faroe Islands', 'Îles Féroé'),
(80, 'FR', 'France', 'France'),
(81, 'GA', 'Gabon', 'Gabon'),
(82, 'GB', 'United Kingdom', 'Royaume-Un'),
(83, 'GD', 'Grenada', 'Grenade'),
(84, 'GE', 'Georgia', 'Géorgie'),
(85, 'GF', 'French Guiana', 'Guyane fra'),
(86, 'GG', 'Guernsey', 'Guernesey'),
(87, 'GH', 'Ghana', 'Ghana'),
(88, 'GI', 'Gibraltar', 'Gibraltar'),
(89, 'GL', 'Greenland', 'Groenland'),
(90, 'GM', 'Gambia', 'Gambie'),
(91, 'GN', 'Guinea', 'Guinée'),
(92, 'GP', 'Guadeloupe', 'Guadeloupe'),
(93, 'GQ', 'Equatorial Guinea', 'Guinée équ'),
(94, 'GR', 'Greece', 'Grèce'),
(95, 'GS', 'South Georgia and the South Sandwich Islands', 'Géorgie du'),
(96, 'GT', 'Guatemala', 'Guatemala'),
(97, 'GU', 'Guam', 'Guam'),
(98, 'GW', 'Guinea-Bissau', 'Guinée-Bis'),
(99, 'GY', 'Guyana', 'Guyana'),
(100, 'HK', 'Hong Kong', 'Hong Kong'),
(101, 'HM', 'Heard and McDonald Islands', 'Îles Heard'),
(102, 'HN', 'Honduras', 'Honduras'),
(103, 'HR', 'Croatia', 'Croatie'),
(104, 'HT', 'Haiti', 'Haïti'),
(105, 'HU', 'Hungary', 'Hongrie'),
(106, 'ID', 'Indonesia', 'Indonésie'),
(107, 'IE', 'Ireland', 'Irlande'),
(108, 'IL', 'Israel', 'Israël'),
(109, 'IM', 'Isle of Man', 'Île de Man'),
(110, 'IN', 'India', 'Inde'),
(111, 'IO', 'British Indian Ocean Territory', 'Territoire'),
(112, 'IQ', 'Iraq', 'Irak'),
(113, 'IR', 'Iran', 'Iran'),
(114, 'IS', 'Iceland', 'Islande'),
(115, 'IT', 'Italy', 'Italie'),
(116, 'JE', 'Jersey', 'Jersey'),
(117, 'JM', 'Jamaica', 'Jamaïque'),
(118, 'JO', 'Jordan', 'Jordanie'),
(119, 'JP', 'Japan', 'Japon'),
(120, 'KE', 'Kenya', 'Kenya'),
(121, 'KG', 'Kyrgyzstan', 'Kirghizist'),
(122, 'KH', 'Cambodia', 'Cambodge'),
(123, 'KI', 'Kiribati', 'Kiribati'),
(124, 'KM', 'Comoros', 'Comores'),
(125, 'KN', 'Saint Kitts and Nevis', 'Saint-Kitt'),
(126, 'KP', 'North Korea', 'Corée du N'),
(127, 'KR', 'South Korea', 'Corée du S'),
(128, 'KW', 'Kuwait', 'Koweït'),
(129, 'KY', 'Cayman Islands', 'Îles Caïma'),
(130, 'KZ', 'Kazakhstan', 'Kazakhstan'),
(131, 'LA', 'Lao People\'s Democratic Republic', 'Laos'),
(132, 'LB', 'Lebanon', 'Liban'),
(133, 'LC', 'Saint Lucia', 'Sainte-Luc'),
(134, 'LI', 'Liechtenstein', 'Liechtenst'),
(135, 'LK', 'Sri Lanka', 'Sri Lanka'),
(136, 'LR', 'Liberia', 'Libéria'),
(137, 'LS', 'Lesotho', 'Lesotho'),
(138, 'LT', 'Lithuania', 'Lituanie'),
(139, 'LU', 'Luxembourg', 'Luxembourg'),
(140, 'LV', 'Latvia', 'Lettonie'),
(141, 'LY', 'Libya', 'Libye'),
(142, 'MA', 'Morocco', 'Maroc'),
(143, 'MC', 'Monaco', 'Monaco'),
(144, 'MD', 'Moldova', 'Moldavie'),
(145, 'ME', 'Montenegro', 'Monténégro'),
(146, 'MF', 'Saint-Martin (France)', 'Saint-Mart'),
(147, 'MG', 'Madagascar', 'Madagascar'),
(148, 'MH', 'Marshall Islands', 'Îles Marsh'),
(149, 'MK', 'Macedonia', 'Macédoine'),
(150, 'ML', 'Mali', 'Mali'),
(151, 'MM', 'Myanmar', 'Myanmar'),
(152, 'MN', 'Mongolia', 'Mongolie'),
(153, 'MO', 'Macau', 'Macao'),
(154, 'MP', 'Northern Mariana Islands', 'Mariannes '),
(155, 'MQ', 'Martinique', 'Martinique'),
(156, 'MR', 'Mauritania', 'Mauritanie'),
(157, 'MS', 'Montserrat', 'Montserrat'),
(158, 'MT', 'Malta', 'Malte'),
(159, 'MU', 'Mauritius', 'Maurice'),
(160, 'MV', 'Maldives', 'Maldives'),
(161, 'MW', 'Malawi', 'Malawi'),
(162, 'MX', 'Mexico', 'Mexique'),
(163, 'MY', 'Malaysia', 'Malaisie'),
(164, 'MZ', 'Mozambique', 'Mozambique'),
(165, 'NA', 'Namibia', 'Namibie'),
(166, 'NC', 'New Caledonia', 'Nouvelle-C'),
(167, 'NE', 'Niger', 'Niger'),
(168, 'NF', 'Norfolk Island', 'Île Norfol'),
(169, 'NG', 'Nigeria', 'Nigeria'),
(170, 'NI', 'Nicaragua', 'Nicaragua'),
(171, 'NL', 'The Netherlands', 'Pays-Bas'),
(172, 'NO', 'Norway', 'Norvège'),
(173, 'NP', 'Nepal', 'Népal'),
(174, 'NR', 'Nauru', 'Nauru'),
(175, 'NU', 'Niue', 'Niue'),
(176, 'NZ', 'New Zealand', 'Nouvelle-Z'),
(177, 'OM', 'Oman', 'Oman'),
(178, 'PA', 'Panama', 'Panama'),
(179, 'PE', 'Peru', 'Pérou'),
(180, 'PF', 'French Polynesia', 'Polynésie '),
(181, 'PG', 'Papua New Guinea', 'Papouasie-'),
(182, 'PH', 'Philippines', 'Philippine'),
(183, 'PK', 'Pakistan', 'Pakistan'),
(184, 'PL', 'Poland', 'Pologne'),
(185, 'PM', 'St. Pierre and Miquelon', 'Saint-Pier'),
(186, 'PN', 'Pitcairn', 'Pitcairn'),
(187, 'PR', 'Puerto Rico', 'Puerto Ric'),
(188, 'PS', 'Palestine, State of', 'Palestine'),
(189, 'PT', 'Portugal', 'Portugal'),
(190, 'PW', 'Palau', 'Palau'),
(191, 'PY', 'Paraguay', 'Paraguay'),
(192, 'QA', 'Qatar', 'Qatar'),
(193, 'RE', 'Réunion', 'Réunion'),
(194, 'RO', 'Romania', 'Roumanie'),
(195, 'RS', 'Serbia', 'Serbie'),
(196, 'RU', 'Russian Federation', 'Russie'),
(197, 'RW', 'Rwanda', 'Rwanda'),
(198, 'SA', 'Saudi Arabia', 'Arabie sao'),
(199, 'SB', 'Solomon Islands', 'Îles Salom'),
(200, 'SC', 'Seychelles', 'Seychelles'),
(201, 'SD', 'Sudan', 'Soudan'),
(202, 'SE', 'Sweden', 'Suède'),
(203, 'SG', 'Singapore', 'Singapour'),
(204, 'SH', 'Saint Helena', 'Sainte-Hél'),
(205, 'SI', 'Slovenia', 'Slovénie'),
(206, 'SJ', 'Svalbard and Jan Mayen Islands', 'Svalbard e'),
(207, 'SK', 'Slovakia', 'Slovaquie'),
(208, 'SL', 'Sierra Leone', 'Sierra Leo'),
(209, 'SM', 'San Marino', 'Saint-Mari'),
(210, 'SN', 'Senegal', 'Sénégal'),
(211, 'SO', 'Somalia', 'Somalie'),
(212, 'SR', 'Suriname', 'Suriname'),
(213, 'SS', 'South Sudan', 'Soudan du '),
(214, 'ST', 'Sao Tome and Principe', 'Sao Tomé-e'),
(215, 'SV', 'El Salvador', 'El Salvado'),
(216, 'SX', 'Sint Maarten (Dutch part)', 'Saint-Mart'),
(217, 'SY', 'Syria', 'Syrie'),
(218, 'SZ', 'Swaziland', 'Swaziland'),
(219, 'TC', 'Turks and Caicos Islands', 'Îles Turks'),
(220, 'TD', 'Chad', 'Tchad'),
(221, 'TF', 'French Southern Territories', 'Terres aus'),
(222, 'TG', 'Togo', 'Togo'),
(223, 'TH', 'Thailand', 'Thaïlande'),
(224, 'TJ', 'Tajikistan', 'Tadjikista'),
(225, 'TK', 'Tokelau', 'Tokelau'),
(226, 'TL', 'Timor-Leste', 'Timor-Lest'),
(227, 'TM', 'Turkmenistan', 'Turkménist'),
(228, 'TN', 'Tunisia', 'Tunisie'),
(229, 'TO', 'Tonga', 'Tonga'),
(230, 'TR', 'Turkey', 'Turquie'),
(231, 'TT', 'Trinidad and Tobago', 'Trinité-et'),
(232, 'TV', 'Tuvalu', 'Tuvalu'),
(233, 'TW', 'Taiwan', 'Taïwan'),
(234, 'TZ', 'Tanzania', 'Tanzanie'),
(235, 'UA', 'Ukraine', 'Ukraine'),
(236, 'UG', 'Uganda', 'Ouganda'),
(237, 'UM', 'United States Minor Outlying Islands', 'Îles mineu'),
(238, 'US', 'United States', 'États-Unis'),
(239, 'UY', 'Uruguay', 'Uruguay'),
(240, 'UZ', 'Uzbekistan', 'Ouzbékista'),
(241, 'VA', 'Vatican', 'Vatican'),
(242, 'VC', 'Saint Vincent and the Grenadines', 'Saint-Vinc'),
(243, 'VE', 'Venezuela', 'Venezuela'),
(244, 'VG', 'Virgin Islands (British)', 'Îles Vierg'),
(245, 'VI', 'Virgin Islands (U.S.)', 'Îles Vierg'),
(246, 'VN', 'Vietnam', 'Vietnam'),
(247, 'VU', 'Vanuatu', 'Vanuatu'),
(248, 'WF', 'Wallis and Futuna Islands', 'Îles Walli'),
(249, 'WS', 'Samoa', 'Samoa'),
(250, 'YE', 'Yemen', 'Yémen'),
(251, 'YT', 'Mayotte', 'Mayotte'),
(252, 'ZA', 'South Africa', 'Afrique du'),
(253, 'ZM', 'Zambia', 'Zambie'),
(254, 'ZW', 'Zimbabwe', 'Zimbabwe');

-- --------------------------------------------------------

--
-- Table structure for table `location_state`
--

CREATE TABLE `location_state` (
  `ls_id` int(11) NOT NULL,
  `lc_id` int(11) NOT NULL,
  `ls_name` varchar(200) NOT NULL DEFAULT ''
) ENGINE=InnoDB DEFAULT CHARSET=utf8;

--
-- Dumping data for table `location_state`
--

INSERT INTO `location_state` (`ls_id`, `lc_id`, `ls_name`) VALUES
(1, 163, 'Johor'),
(2, 163, 'Melaka'),
(3, 163, 'Selangor'),
(4, 163, 'Sabah'),
(5, 163, 'Sarawak'),
(6, 163, 'Perak'),
(7, 163, 'Kedah'),
(8, 163, 'Kuala Lumpur'),
(9, 163, 'Pulau Pinang'),
(10, 163, 'Kelantan'),
(11, 163, 'Pahang'),
(12, 163, 'Terengganu'),
(13, 163, 'Negeri Sembilan'),
(14, 163, 'Perlis'),
(15, 163, 'Labuan'),
(16, 163, 'Putrajaya');

-- --------------------------------------------------------

--
-- Table structure for table `police_station`
--

CREATE TABLE `police_station` (
  `ps_id` int(11) NOT NULL,
  `ps_name` varchar(200) DEFAULT NULL,
  `address` varchar(200) DEFAULT NULL,
  `postcode` varchar(10) DEFAULT NULL,
  `ls_id` varchar(100) DEFAULT NULL,
  `lct_id` int(11) DEFAULT NULL,
  `area_id` int(11) DEFAULT NULL,
  `tel_landline` varchar(50) DEFAULT NULL,
  `email` varchar(100) DEFAULT NULL,
  `latitude` varchar(100) DEFAULT NULL,
  `longitude` varchar(100) DEFAULT NULL
) ENGINE=InnoDB DEFAULT CHARSET=latin1;

--
-- Dumping data for table `police_station`
--

INSERT INTO `police_station` (`ps_id`, `ps_name`, `address`, `postcode`, `ls_id`, `lct_id`, `area_id`, `tel_landline`, `email`, `latitude`, `longitude`) VALUES
(9, 'Ibu Pejabat Polis Daerah Shah Alam', 'Jalan Persiaran Damai', '40000 ', '3', 480, 3, '0355102222', 'kpdsalam@rmp.gov.my', '3.086027', '101.520370'),
(10, 'Balai Polis Seksyen 15', 'Jalan Persiaran Sultan', '40000', '3', 480, 4, '+60355091022', 'kpb_sek15@rmp.gov.my', '3.059547', '101.521593');

-- --------------------------------------------------------

--
-- Table structure for table `qrcode_detail`
--

CREATE TABLE `qrcode_detail` (
  `qrcode_id` int(11) NOT NULL,
  `uacc_id` varchar(20) DEFAULT NULL,
  `serial_number` varchar(200) NOT NULL,
  `security_number` int(15) NOT NULL,
  `qrcode_filename` varchar(200) DEFAULT NULL,
  `qrcode_url` text,
  `agent_uacc_id` varchar(20) DEFAULT NULL,
  `create_dttm` varchar(50) NOT NULL DEFAULT '0000-00-00 00:00:00'
) ENGINE=InnoDB DEFAULT CHARSET=latin1;

--
-- Dumping data for table `qrcode_detail`
--

INSERT INTO `qrcode_detail` (`qrcode_id`, `uacc_id`, `serial_number`, `security_number`, `qrcode_filename`, `qrcode_url`, `agent_uacc_id`, `create_dttm`) VALUES
(142, NULL, '10000142A27217996133582621219', 792142, '10000142A27217996133582621219.png', 'http://local-polisebox.com/assets/qrcode/10000142A27217996133582621219.png', '14', '2018-01-25 17:08:54'),
(143, NULL, '10000143A81395558321569183158', 717143, '10000143A81395558321569183158.png', 'http://local-polisebox.com/assets/qrcode/10000143A81395558321569183158.png', '14', '2018-01-25 17:08:54'),
(144, NULL, '10000144A71283658722312249733', 286144, '10000144A71283658722312249733.png', 'http://local-polisebox.com/assets/qrcode/10000144A71283658722312249733.png', '14', '2018-01-25 17:08:54'),
(145, NULL, '10000145A26932365276479754194', 956145, '10000145A26932365276479754194.png', 'http://local-polisebox.com/assets/qrcode/10000145A26932365276479754194.png', '14', '2018-01-29 17:07:52'),
(146, NULL, '10000146A84647871899934461842', 733146, '10000146A84647871899934461842.png', 'http://local-polisebox.com/assets/qrcode/10000146A84647871899934461842.png', '14', '2018-01-29 17:07:52'),
(147, '21', '10000147A26269749472343994937', 881147, '10000147A26269749472343994937.png', 'http://local-polisebox.com/assets/qrcode/10000147A26269749472343994937.png', '14', '2018-01-29 17:07:52');

-- --------------------------------------------------------

--
-- Table structure for table `user_accounts`
--

CREATE TABLE `user_accounts` (
  `uacc_id` int(11) UNSIGNED NOT NULL,
  `uacc_upline_id` int(11) NOT NULL,
  `uacc_group_fk` smallint(5) UNSIGNED NOT NULL DEFAULT '0',
  `uacc_email` varchar(100) NOT NULL DEFAULT '',
  `uacc_username` varchar(100) NOT NULL DEFAULT '',
  `uacc_password` varchar(60) NOT NULL DEFAULT '',
  `uacc_raw_password` text NOT NULL,
  `uacc_ip_address` varchar(40) NOT NULL DEFAULT '',
  `uacc_salt` varchar(40) NOT NULL DEFAULT '',
  `uacc_activation_token` varchar(40) NOT NULL DEFAULT '',
  `uacc_forgotten_password_token` varchar(40) NOT NULL DEFAULT '',
  `uacc_forgotten_password_expire` datetime NOT NULL DEFAULT '0000-00-00 00:00:00',
  `uacc_update_email_token` varchar(40) NOT NULL DEFAULT '',
  `uacc_update_email` varchar(100) NOT NULL DEFAULT '',
  `uacc_active` tinyint(1) UNSIGNED NOT NULL DEFAULT '0',
  `uacc_suspend` tinyint(1) UNSIGNED NOT NULL DEFAULT '0',
  `uacc_fail_login_attempts` smallint(5) NOT NULL DEFAULT '0',
  `uacc_fail_login_ip_address` varchar(40) NOT NULL DEFAULT '',
  `uacc_date_fail_login_ban` datetime NOT NULL DEFAULT '0000-00-00 00:00:00' COMMENT 'Time user is banned until due to repeated failed logins',
  `uacc_date_last_login` datetime NOT NULL DEFAULT '0000-00-00 00:00:00',
  `uacc_date_added` datetime NOT NULL DEFAULT '0000-00-00 00:00:00',
  `oauth_provider` varchar(50) DEFAULT NULL,
  `url_alias` varchar(50) DEFAULT NULL,
  `telegram_auth_code` varchar(30) DEFAULT NULL,
  `one_time_password` varchar(10) DEFAULT NULL
) ENGINE=InnoDB DEFAULT CHARSET=latin1;

--
-- Dumping data for table `user_accounts`
--

INSERT INTO `user_accounts` (`uacc_id`, `uacc_upline_id`, `uacc_group_fk`, `uacc_email`, `uacc_username`, `uacc_password`, `uacc_raw_password`, `uacc_ip_address`, `uacc_salt`, `uacc_activation_token`, `uacc_forgotten_password_token`, `uacc_forgotten_password_expire`, `uacc_update_email_token`, `uacc_update_email`, `uacc_active`, `uacc_suspend`, `uacc_fail_login_attempts`, `uacc_fail_login_ip_address`, `uacc_date_fail_login_ban`, `uacc_date_last_login`, `uacc_date_added`, `oauth_provider`, `url_alias`, `telegram_auth_code`, `one_time_password`) VALUES
(1, 0, 3, 'asdasdada@asdad.com', 'admin', '$2y$10$tyujnmkyuijnbnmkiuygheFknojmDewDGqHqVT8xg6SR7y/sSB7Va', '12345678', '127.0.0.1', 'rRQ8xysdfW', '', '', '0000-00-00 00:00:00', '', '', 1, 0, 0, '', '0000-00-00 00:00:00', '2018-01-29 17:06:59', '2011-01-01 00:00:00', NULL, 'cops', NULL, NULL),
(2, 0, 2, 'moderator@moderator.com', 'moderator', '$2y$10$tyujnmkyuijnbnmkiuygheaMYdhZCRc6Rx7p7d.AAgMJ6NB51k8OK', 'password123', '0.0.0.0', 'rRQ8xysdfW', '', '', '0000-00-00 00:00:00', '', '', 1, 0, 0, '', '0000-00-00 00:00:00', '2012-04-10 21:58:02', '2011-08-04 16:49:07', NULL, NULL, NULL, NULL),
(3, 0, 1, 'public@public.com', 'public', '$2y$10$tyujnmkyuijnbnmkiuygheaMYdhZCRc6Rx7p7d.AAgMJ6NB51k8OK', 'password123', '0.0.0.0', 'rRQ8xysdfW', '', '', '0000-00-00 00:00:00', '', '', 1, 0, 1, '127.0.0.1', '0000-00-00 00:00:00', '2012-04-10 22:01:41', '2011-09-15 12:24:45', NULL, NULL, NULL, NULL),
(4, 0, 3, 'user@email.com', 'admintest', '$2y$10$tyujnmkyuijnbnmkiuygheFknojmDewDGqHqVT8xg6SR7y/sSB7Va', '12345678', '127.0.0.1', 'rRQ8xysdfW', '', '', '0000-00-00 00:00:00', '', '', 1, 0, 0, '', '0000-00-00 00:00:00', '2016-05-24 05:27:55', '2016-04-06 12:53:46', NULL, NULL, NULL, NULL),
(5, 2, 4, 'user1@email.com', 'user1', '$2y$10$tyujnmkyuijnbnmkiuygheFknojmDewDGqHqVT8xg6SR7y/sSB7Va', '12345678', '127.0.0.1', 'rRQ8xysdfW', '', '', '0000-00-00 00:00:00', '', '', 1, 0, 0, '', '0000-00-00 00:00:00', '2016-06-14 05:26:18', '2016-04-06 12:53:46', NULL, 'test1', NULL, NULL),
(10, 0, 6, '943117197074@cp.polisebox.com', '943117197074', '$2y$10$tyujnmkyuijnbnmkiuygheFh9G.RBp39joshujIwhXBPhVVahxX5C', 'GBIILM', '127.0.0.1', 'zytbjBTjHD', '', '', '0000-00-00 00:00:00', '', '', 1, 0, 0, '', '0000-00-00 00:00:00', '2018-01-03 05:35:51', '2018-01-03 05:35:51', NULL, NULL, NULL, NULL),
(11, 0, 6, '886153459579@cp.polisebox.com', '886153459579', '$2y$10$tyujnmkyuijnbnmkiuygheVPIddexjNf99Ta8UQdRCf/WsKg/oa6u', '6O3GQC', '127.0.0.1', '82VdKSvPFJ', '', '', '0000-00-00 00:00:00', '', '', 1, 0, 0, '', '0000-00-00 00:00:00', '2018-01-03 08:53:49', '2018-01-03 08:53:49', NULL, NULL, NULL, NULL),
(12, 0, 6, '616341730150@cp.polisebox.com', '616341730150', '$2y$10$tyujnmkyuijnbnmkiuygheqQtcN7EAMvNbNlWiQX/aBbsaMMGEMYK', 'KHXT5S', '127.0.0.1', '5HCcGMHm5q', '', '', '0000-00-00 00:00:00', '', '', 1, 0, 0, '', '0000-00-00 00:00:00', '2018-01-03 08:56:16', '2018-01-03 08:56:16', NULL, NULL, NULL, NULL),
(13, 0, 6, '797425144675@cp.polisebox.com', '797425144675', '$2y$10$tyujnmkyuijnbnmkiuygheig1vfgEcgG6Le/jF5xEs1N.MdEKoe26', 'NGCYX2', '127.0.0.1', '6txhNnzXvP', '', '', '0000-00-00 00:00:00', '', '', 1, 0, 0, '', '0000-00-00 00:00:00', '2018-01-03 08:59:00', '2018-01-03 08:59:00', NULL, NULL, NULL, NULL),
(14, 0, 5, 'lewisrodriguez@agent.polisebox.com', 'lewisrodriguez', '$2y$10$tyujnmkyuijnbnmkiuygheK8aTAY2ypcG/z0.c1sDyPQIb3hnImR6', 'GOPVJ8', '127.0.0.1', 'QQ9YjwVtfH', '', '', '0000-00-00 00:00:00', '', '', 1, 0, 0, '', '0000-00-00 00:00:00', '2018-01-29 17:10:48', '2018-01-22 17:24:06', NULL, 'lewisrodriguez', NULL, NULL),
(15, 1, 4, '3784653823@member.policebox.tk', '691009978973', '$2y$10$tyujnmkyuijnbnmkiuygheyv2p3wVFPSZZTCwf9/I7Jwnr.jXHH/C', 'default_953675', '127.0.0.1', 'BCwZ9d7NXG', '', '', '0000-00-00 00:00:00', '', '', 1, 0, 0, '', '0000-00-00 00:00:00', '2018-01-23 17:52:36', '2018-01-23 17:52:36', 'web_form', NULL, NULL, NULL),
(16, 1, 4, '2274471421@member.policebox.tk', '853303604108', '$2y$10$tyujnmkyuijnbnmkiuyghezfF/d1jSeYyypaJ2vZ8ZO87cJY5APD.', 'default_351263', '127.0.0.1', 'FsDrjYJDxD', '', '', '0000-00-00 00:00:00', '', '', 1, 0, 0, '', '0000-00-00 00:00:00', '2018-01-24 13:36:37', '2018-01-23 17:53:13', 'web_form', '853303604108', 'MKF31MZ1XF', NULL),
(17, 14, 4, '4567967252@member.policebox.tk', '774553679489', '$2y$10$tyujnmkyuijnbnmkiuygherERlqDYcO6y6c3Vkiv9230MO1mSpL.y', 'default_359694', '127.0.0.1', 'vh7NHdwJHk', '', '', '0000-00-00 00:00:00', '', '', 1, 0, 0, '', '0000-00-00 00:00:00', '2018-01-24 17:21:37', '2018-01-24 17:21:37', 'web_form', '774553679489', '0TSMQFLKO4', NULL),
(18, 14, 4, '6684983875@member.policebox.tk', '722426964180', '$2y$10$tyujnmkyuijnbnmkiuyghebMiBA/xAkhZxhunNCdds7dBI/YnnpR.', 'default_966771', '127.0.0.1', 'wgDTHGdk8V', '', '', '0000-00-00 00:00:00', '', '', 1, 0, 0, '', '0000-00-00 00:00:00', '2018-01-24 17:41:10', '2018-01-24 17:41:10', 'web_form', '722426964180', 'KY25IXE8F4', '835751'),
(19, 14, 4, '5561781489@member.policebox.tk', '713320806320', '$2y$10$tyujnmkyuijnbnmkiuyghe/AQKeRw6DWUR0qVQFq3PcfGKARPoj1e', 'default_112292', '127.0.0.1', 'HQsV5TShHV', '', '', '0000-00-00 00:00:00', '', '', 1, 0, 0, '', '0000-00-00 00:00:00', '2018-01-24 17:43:07', '2018-01-24 17:43:07', 'web_form', '713320806320', 'MFKGFH0VL6', '819583'),
(20, 14, 4, '3191475446@member.policebox.tk', '864997528098', '$2y$10$tyujnmkyuijnbnmkiuyghezxrkmUgeIZvDY8p8Bt9LqolUUtNtON6', 'default_286179', '127.0.0.1', 'GWwvdqMHYB', '', '', '0000-00-00 00:00:00', '', '', 1, 0, 0, '', '0000-00-00 00:00:00', '2018-01-24 17:45:44', '2018-01-24 17:45:44', 'web_form', '864997528098', 'DSQWX0CQWP', '679817'),
(21, 14, 4, '7713943564@member.policebox.tk', '639334954158', '$2y$10$tyujnmkyuijnbnmkiuyghe6nT2/tPHuMUaGoN.dTGPQp6dkrQ1JUm', 'default_365313', '127.0.0.1', 'FkJ9w2t5Kn', '', '', '0000-00-00 00:00:00', '', '', 1, 0, 0, '', '0000-00-00 00:00:00', '2018-01-29 17:09:16', '2018-01-29 17:09:16', 'web_form', '639334954158', '54NTN4TLXX', '424587');

-- --------------------------------------------------------

--
-- Table structure for table `user_groups`
--

CREATE TABLE `user_groups` (
  `ugrp_id` smallint(5) NOT NULL,
  `ugrp_name` varchar(20) NOT NULL DEFAULT '',
  `ugrp_desc` varchar(100) NOT NULL DEFAULT '',
  `ugrp_admin` tinyint(1) NOT NULL DEFAULT '0'
) ENGINE=InnoDB DEFAULT CHARSET=latin1;

--
-- Dumping data for table `user_groups`
--

INSERT INTO `user_groups` (`ugrp_id`, `ugrp_name`, `ugrp_desc`, `ugrp_admin`) VALUES
(1, 'Public', 'Public User : has no admin access rights.', 0),
(2, 'Admin', 'Admin : has partial admin access rights.', 1),
(3, 'Master Admin', 'Master Admin : has full admin access rights.', 1),
(4, 'Member', 'Box User', 1),
(5, 'Agent', 'Agents', 1),
(6, 'CP Volunteer', 'CP Volunteer', 1);

-- --------------------------------------------------------

--
-- Table structure for table `user_login_sessions`
--

CREATE TABLE `user_login_sessions` (
  `usess_uacc_fk` int(11) NOT NULL DEFAULT '0',
  `usess_series` varchar(40) NOT NULL DEFAULT '',
  `usess_token` varchar(40) NOT NULL DEFAULT '',
  `usess_login_date` datetime NOT NULL DEFAULT '0000-00-00 00:00:00'
) ENGINE=InnoDB DEFAULT CHARSET=latin1;

--
-- Dumping data for table `user_login_sessions`
--

INSERT INTO `user_login_sessions` (`usess_uacc_fk`, `usess_series`, `usess_token`, `usess_login_date`) VALUES
(14, '', '171eac1a7d5d8c64a8b259328793fc15792c4c55', '2018-01-29 12:08:53'),
(1, '', '201ff7a9b71c157c768509cae26771541b1b57d4', '2018-01-26 16:13:10'),
(1, '7d546e9fcad9c0c2004914015222f4b6be3829a4', '3f1310cd9e4ffe063a5d5497829563fa76871d1e', '2018-01-26 15:14:36'),
(14, '', '42eafbaaa5b3635b38ce0cac5d035c48c824131f', '2018-01-29 17:06:59'),
(1, '2524ae01f5649b033241572667996101fdd79f24', '5a66b30285611fdd23eca1f5e022b64d028a281c', '2018-01-29 17:06:59'),
(1, '', '6aa98f4c432ca5b20e9f079cfaabd8838ac0aa4a', '2018-01-29 11:39:21'),
(1, '', '6e4d7e25aba6aa4553702b19d085a9a0d46b8acc', '2018-01-29 17:10:48'),
(1, '', '8c80b59d7693271ddc7fe260c4a21d858c41be82', '2018-01-29 14:34:30'),
(1, 'e4d9a5f691f362b44027b65ad9ad386bbe44d51a', '8c8e7856f0d1e0a64cdea730235e790fdb8b9ea7', '2018-01-29 11:32:09'),
(1, '', '8ca5f876a23acee24cc4873c51baa01fcbe969e2', '2018-01-25 17:38:41'),
(1, '', 'a8bc3539acd35bd7f1119c2c79fb6f5a8a645c32', '2018-01-29 11:56:31'),
(1, '060071ae0dfd11738db334faf9855577352aa88e', 'b441a3e430ceda8756ad6e0d8d2e6adbb478b628', '2018-01-29 11:29:48'),
(14, '', 'b9876363717d001cbcb0b93c9ba8ab0131ebda57', '2018-01-29 18:04:14'),
(14, '', 'd5d06a150a87c7e60c770a5e6082fe47854fb91b', '2018-01-29 11:56:25'),
(16, '', 'e35a81acfb98a3f0beeb3fc42e8efcfc5989c616', '2018-01-23 19:04:21'),
(16, '18750d3d6b6f22766e5312eae6b5e5f1beab6db3', 'f6435c6f7f4f9c70b50806c93bb652c13e1ecc30', '2018-01-24 13:36:37');

-- --------------------------------------------------------

--
-- Table structure for table `user_privileges`
--

CREATE TABLE `user_privileges` (
  `upriv_id` smallint(5) NOT NULL,
  `upriv_name` varchar(20) NOT NULL DEFAULT '',
  `upriv_desc` varchar(100) NOT NULL DEFAULT ''
) ENGINE=InnoDB DEFAULT CHARSET=latin1;

--
-- Dumping data for table `user_privileges`
--

INSERT INTO `user_privileges` (`upriv_id`, `upriv_name`, `upriv_desc`) VALUES
(1, 'View Users', 'User can view user account details.'),
(2, 'View User Groups', 'User can view user groups.'),
(3, 'View Privileges', 'User can view privileges.'),
(4, 'Insert User Groups', 'User can insert new user groups.'),
(5, 'Insert Privileges', 'User can insert privileges.'),
(6, 'Update Users', 'User can update user account details.'),
(7, 'Update User Groups', 'User can update user groups.'),
(8, 'Update Privileges', 'User can update user privileges.'),
(9, 'Delete Users', 'User can delete user accounts.'),
(10, 'Delete User Groups', 'User can delete user groups.'),
(11, 'Delete Privileges', 'User can delete user privileges.');

-- --------------------------------------------------------

--
-- Table structure for table `user_privilege_groups`
--

CREATE TABLE `user_privilege_groups` (
  `upriv_groups_id` smallint(5) UNSIGNED NOT NULL,
  `upriv_groups_ugrp_fk` smallint(5) UNSIGNED NOT NULL DEFAULT '0',
  `upriv_groups_upriv_fk` smallint(5) UNSIGNED NOT NULL DEFAULT '0'
) ENGINE=InnoDB DEFAULT CHARSET=latin1;

--
-- Dumping data for table `user_privilege_groups`
--

INSERT INTO `user_privilege_groups` (`upriv_groups_id`, `upriv_groups_ugrp_fk`, `upriv_groups_upriv_fk`) VALUES
(1, 3, 1),
(3, 3, 3),
(4, 3, 4),
(5, 3, 5),
(6, 3, 6),
(7, 3, 7),
(8, 3, 8),
(9, 3, 9),
(10, 3, 10),
(11, 3, 11),
(12, 2, 2),
(13, 2, 4),
(14, 2, 5);

-- --------------------------------------------------------

--
-- Table structure for table `user_privilege_users`
--

CREATE TABLE `user_privilege_users` (
  `upriv_users_id` smallint(5) NOT NULL,
  `upriv_users_uacc_fk` int(11) NOT NULL DEFAULT '0',
  `upriv_users_upriv_fk` smallint(5) NOT NULL DEFAULT '0'
) ENGINE=InnoDB DEFAULT CHARSET=latin1;

--
-- Dumping data for table `user_privilege_users`
--

INSERT INTO `user_privilege_users` (`upriv_users_id`, `upriv_users_uacc_fk`, `upriv_users_upriv_fk`) VALUES
(1, 1, 1),
(2, 1, 2),
(3, 1, 3),
(4, 1, 4),
(5, 1, 5),
(6, 1, 6),
(7, 1, 7),
(8, 1, 8),
(9, 1, 9),
(10, 1, 10),
(11, 1, 11),
(12, 2, 1),
(13, 2, 2),
(14, 2, 3),
(15, 2, 6);

-- --------------------------------------------------------

--
-- Table structure for table `user_profiles`
--

CREATE TABLE `user_profiles` (
  `upro_id` int(11) NOT NULL,
  `uacc_id` int(11) NOT NULL,
  `fullname` varchar(200) CHARACTER SET utf8 COLLATE utf8_unicode_ci NOT NULL DEFAULT '',
  `nric` varchar(200) NOT NULL DEFAULT '',
  `email` varchar(100) NOT NULL DEFAULT '',
  `phonemobile` varchar(50) NOT NULL DEFAULT '',
  `profilepic_url` text,
  `address_1` text NOT NULL,
  `address_2` text NOT NULL,
  `postcode` varchar(50) NOT NULL DEFAULT '',
  `city` varchar(100) DEFAULT NULL,
  `ls_id` int(11) NOT NULL DEFAULT '0',
  `lc_id` int(11) NOT NULL DEFAULT '0',
  `bank_id` varchar(200) NOT NULL DEFAULT '',
  `bank_account_holder` varchar(200) NOT NULL DEFAULT '',
  `bank_account_number` varchar(200) NOT NULL DEFAULT '',
  `setup_account` varchar(10) DEFAULT '1',
  `cp_id_number` varchar(100) DEFAULT NULL,
  `cp_lc_id` varchar(10) DEFAULT NULL,
  `cp_ls_id` varchar(10) DEFAULT NULL,
  `cp_lct_id` varchar(10) DEFAULT NULL,
  `cp_area_id` varchar(200) NOT NULL
) ENGINE=InnoDB DEFAULT CHARSET=latin1;

--
-- Dumping data for table `user_profiles`
--

INSERT INTO `user_profiles` (`upro_id`, `uacc_id`, `fullname`, `nric`, `email`, `phonemobile`, `profilepic_url`, `address_1`, `address_2`, `postcode`, `city`, `ls_id`, `lc_id`, `bank_id`, `bank_account_holder`, `bank_account_number`, `setup_account`, `cp_id_number`, `cp_lc_id`, `cp_ls_id`, `cp_lct_id`, `cp_area_id`) VALUES
(206, 1, 'Administrator', '', '', '', NULL, '', '', '', NULL, 0, 0, '', '', '', '1', NULL, NULL, NULL, NULL, ''),
(207, 5, '', '', '', '', NULL, '', '', '', NULL, 0, 0, '', '', '', '1', NULL, NULL, NULL, NULL, ''),
(212, 10, 'Jayden McDonaldaaaaa', '943117197074444444444', '', '', NULL, '', '', '', NULL, 0, 0, '', '', '', '1', NULL, '163', '3', '480', '3'),
(213, 11, 'Amanda Hodges', '886153459579', '', '', NULL, '', '', '', NULL, 0, 0, '', '', '', '1', '', '163', '3', '480', '3,4'),
(214, 12, 'Jesus Evans', '616341730150', '', '+60115675926', NULL, '', '', '', NULL, 0, 0, '', '', '', '1', 'MHT269606', '163', '3', '480', '3,4'),
(215, 13, 'Genevieve Paul', '797425144675', '', '+60120283124', NULL, '', '', '', NULL, 0, 0, '', '', '', '1', 'HMA3218934444', '163', '3', '480', '3,4'),
(216, 14, 'Lewis Rodriguez', '790607178683', '', '+60137974467', 'http://local-polisebox.com/assets/global/img/polisebox/logo_252x252_blue_background.png', '', '', '', NULL, 0, 0, '', '', '', '1', NULL, '163', '3', '480', '3,4'),
(217, 15, 'Carrie Henry', '', 'test_carriehenry2212@test.policebox.tk', '+60120619824', 'http://local-polisebox.com/assets/global/img/polisebox/logo_252x252_blue_background.png', '', '', '', NULL, 0, 0, '', '', '', '0', NULL, NULL, NULL, NULL, ''),
(218, 16, 'Harold Strickland', '', 'test_haroldstrickland4391@test.policebox.tk', '+60134540486', 'http://local-polisebox.com/assets/global/img/polisebox/logo_252x252_blue_background.png', '', '', '', NULL, 0, 0, '', '', '', '0', NULL, NULL, NULL, NULL, ''),
(219, 17, 'Jeffrey Hughes', '', 'test_jeffreyhughes5208@test.policebox.tk', '+60165999374', 'http://local-polisebox.com/assets/global/img/polisebox/logo_252x252_blue_background.png', '', '', '', NULL, 0, 0, '', '', '', '0', NULL, NULL, NULL, NULL, ''),
(220, 18, 'Estella Morales', '', 'test_estellamorales2156@test.policebox.tk', '+60122913221', 'http://local-polisebox.com/assets/global/img/polisebox/logo_252x252_blue_background.png', '', '', '', NULL, 0, 0, '', '', '', '0', NULL, NULL, NULL, NULL, ''),
(221, 19, 'Kathryn Shaw', '', 'test_kathrynshaw9583@test.policebox.tk', '+60137974467', 'http://local-polisebox.com/assets/global/img/polisebox/logo_252x252_blue_background.png', '', '', '', NULL, 0, 0, '', '', '', '0', NULL, NULL, NULL, NULL, ''),
(222, 20, 'Mildred Lowe', '', 'test_mildredlowe6705@test.policebox.tk', '+60137974467', 'http://local-polisebox.com/assets/global/img/polisebox/logo_252x252_blue_background.png', '', '', '', NULL, 0, 0, '', '', '', '0', NULL, NULL, NULL, NULL, ''),
(223, 21, 'Cora Phelps', '', 'test_coraphelps4898@test.policebox.tk', '+60119713351', 'http://local-polisebox.com/assets/global/img/polisebox/logo_252x252_blue_background.png', '', '', '', NULL, 0, 0, '', '', '', '0', NULL, NULL, NULL, NULL, '');

--
-- Indexes for dumped tables
--

--
-- Indexes for table `announcement_detail`
--
ALTER TABLE `announcement_detail`
  ADD UNIQUE KEY `announcement_id` (`announcement_id`);

--
-- Indexes for table `ci_sessions`
--
ALTER TABLE `ci_sessions`
  ADD PRIMARY KEY (`id`);

--
-- Indexes for table `cp_log_photo`
--
ALTER TABLE `cp_log_photo`
  ADD UNIQUE KEY `photo_id` (`photo_id`);

--
-- Indexes for table `cp_log_report`
--
ALTER TABLE `cp_log_report`
  ADD UNIQUE KEY `lg_id` (`log_id`);

--
-- Indexes for table `far_bank`
--
ALTER TABLE `far_bank`
  ADD PRIMARY KEY (`bn_id`),
  ADD UNIQUE KEY `bn_id` (`bn_id`);

--
-- Indexes for table `far_menu`
--
ALTER TABLE `far_menu`
  ADD PRIMARY KEY (`id`);

--
-- Indexes for table `far_meta`
--
ALTER TABLE `far_meta`
  ADD PRIMARY KEY (`meta_id`),
  ADD UNIQUE KEY `meta_id` (`meta_id`);

--
-- Indexes for table `far_smsout`
--
ALTER TABLE `far_smsout`
  ADD UNIQUE KEY `fs_id` (`fs_id`);

--
-- Indexes for table `far_translation`
--
ALTER TABLE `far_translation`
  ADD PRIMARY KEY (`trans_id`);

--
-- Indexes for table `far_wallet_alpha`
--
ALTER TABLE `far_wallet_alpha`
  ADD PRIMARY KEY (`id`);

--
-- Indexes for table `hauth_profile_facebook`
--
ALTER TABLE `hauth_profile_facebook`
  ADD UNIQUE KEY `hf_id` (`hf_id`);

--
-- Indexes for table `location_area`
--
ALTER TABLE `location_area`
  ADD UNIQUE KEY `area_id` (`area_id`);

--
-- Indexes for table `location_city`
--
ALTER TABLE `location_city`
  ADD PRIMARY KEY (`lct_id`),
  ADD UNIQUE KEY `lct_id` (`lct_id`);

--
-- Indexes for table `location_country`
--
ALTER TABLE `location_country`
  ADD UNIQUE KEY `lc_id` (`lc_id`);

--
-- Indexes for table `location_state`
--
ALTER TABLE `location_state`
  ADD UNIQUE KEY `ls_id` (`ls_id`);

--
-- Indexes for table `police_station`
--
ALTER TABLE `police_station`
  ADD UNIQUE KEY `ps_id` (`ps_id`);

--
-- Indexes for table `qrcode_detail`
--
ALTER TABLE `qrcode_detail`
  ADD UNIQUE KEY `qrcode_id` (`qrcode_id`);

--
-- Indexes for table `user_accounts`
--
ALTER TABLE `user_accounts`
  ADD PRIMARY KEY (`uacc_id`),
  ADD UNIQUE KEY `uacc_id` (`uacc_id`),
  ADD KEY `uacc_group_fk` (`uacc_group_fk`),
  ADD KEY `uacc_email` (`uacc_email`),
  ADD KEY `uacc_username` (`uacc_username`),
  ADD KEY `uacc_fail_login_ip_address` (`uacc_fail_login_ip_address`);

--
-- Indexes for table `user_groups`
--
ALTER TABLE `user_groups`
  ADD PRIMARY KEY (`ugrp_id`),
  ADD UNIQUE KEY `ugrp_id` (`ugrp_id`) USING BTREE;

--
-- Indexes for table `user_login_sessions`
--
ALTER TABLE `user_login_sessions`
  ADD PRIMARY KEY (`usess_token`),
  ADD UNIQUE KEY `usess_token` (`usess_token`);

--
-- Indexes for table `user_privileges`
--
ALTER TABLE `user_privileges`
  ADD PRIMARY KEY (`upriv_id`),
  ADD UNIQUE KEY `upriv_id` (`upriv_id`) USING BTREE;

--
-- Indexes for table `user_privilege_groups`
--
ALTER TABLE `user_privilege_groups`
  ADD PRIMARY KEY (`upriv_groups_id`),
  ADD UNIQUE KEY `upriv_groups_id` (`upriv_groups_id`) USING BTREE,
  ADD KEY `upriv_groups_ugrp_fk` (`upriv_groups_ugrp_fk`),
  ADD KEY `upriv_groups_upriv_fk` (`upriv_groups_upriv_fk`);

--
-- Indexes for table `user_privilege_users`
--
ALTER TABLE `user_privilege_users`
  ADD PRIMARY KEY (`upriv_users_id`),
  ADD UNIQUE KEY `upriv_users_id` (`upriv_users_id`) USING BTREE,
  ADD KEY `upriv_users_uacc_fk` (`upriv_users_uacc_fk`),
  ADD KEY `upriv_users_upriv_fk` (`upriv_users_upriv_fk`);

--
-- Indexes for table `user_profiles`
--
ALTER TABLE `user_profiles`
  ADD PRIMARY KEY (`upro_id`),
  ADD UNIQUE KEY `upro_id` (`upro_id`);

--
-- AUTO_INCREMENT for dumped tables
--

--
-- AUTO_INCREMENT for table `announcement_detail`
--
ALTER TABLE `announcement_detail`
  MODIFY `announcement_id` int(11) NOT NULL AUTO_INCREMENT, AUTO_INCREMENT=4;
--
-- AUTO_INCREMENT for table `cp_log_photo`
--
ALTER TABLE `cp_log_photo`
  MODIFY `photo_id` int(11) NOT NULL AUTO_INCREMENT, AUTO_INCREMENT=3;
--
-- AUTO_INCREMENT for table `cp_log_report`
--
ALTER TABLE `cp_log_report`
  MODIFY `log_id` int(11) NOT NULL AUTO_INCREMENT, AUTO_INCREMENT=10;
--
-- AUTO_INCREMENT for table `far_bank`
--
ALTER TABLE `far_bank`
  MODIFY `bn_id` int(11) NOT NULL AUTO_INCREMENT, AUTO_INCREMENT=3;
--
-- AUTO_INCREMENT for table `far_menu`
--
ALTER TABLE `far_menu`
  MODIFY `id` int(11) NOT NULL AUTO_INCREMENT, AUTO_INCREMENT=38;
--
-- AUTO_INCREMENT for table `far_meta`
--
ALTER TABLE `far_meta`
  MODIFY `meta_id` int(11) NOT NULL AUTO_INCREMENT, AUTO_INCREMENT=17;
--
-- AUTO_INCREMENT for table `far_smsout`
--
ALTER TABLE `far_smsout`
  MODIFY `fs_id` int(11) NOT NULL AUTO_INCREMENT, AUTO_INCREMENT=25243;
--
-- AUTO_INCREMENT for table `far_translation`
--
ALTER TABLE `far_translation`
  MODIFY `trans_id` int(11) NOT NULL AUTO_INCREMENT, AUTO_INCREMENT=117;
--
-- AUTO_INCREMENT for table `far_wallet_alpha`
--
ALTER TABLE `far_wallet_alpha`
  MODIFY `id` int(11) NOT NULL AUTO_INCREMENT, AUTO_INCREMENT=8;
--
-- AUTO_INCREMENT for table `hauth_profile_facebook`
--
ALTER TABLE `hauth_profile_facebook`
  MODIFY `hf_id` int(11) NOT NULL AUTO_INCREMENT;
--
-- AUTO_INCREMENT for table `location_area`
--
ALTER TABLE `location_area`
  MODIFY `area_id` int(11) NOT NULL AUTO_INCREMENT, AUTO_INCREMENT=5;
--
-- AUTO_INCREMENT for table `location_city`
--
ALTER TABLE `location_city`
  MODIFY `lct_id` int(11) NOT NULL AUTO_INCREMENT, AUTO_INCREMENT=603;
--
-- AUTO_INCREMENT for table `location_country`
--
ALTER TABLE `location_country`
  MODIFY `lc_id` int(11) NOT NULL AUTO_INCREMENT, AUTO_INCREMENT=255;
--
-- AUTO_INCREMENT for table `location_state`
--
ALTER TABLE `location_state`
  MODIFY `ls_id` int(11) NOT NULL AUTO_INCREMENT, AUTO_INCREMENT=17;
--
-- AUTO_INCREMENT for table `police_station`
--
ALTER TABLE `police_station`
  MODIFY `ps_id` int(11) NOT NULL AUTO_INCREMENT, AUTO_INCREMENT=11;
--
-- AUTO_INCREMENT for table `qrcode_detail`
--
ALTER TABLE `qrcode_detail`
  MODIFY `qrcode_id` int(11) NOT NULL AUTO_INCREMENT, AUTO_INCREMENT=148;
--
-- AUTO_INCREMENT for table `user_accounts`
--
ALTER TABLE `user_accounts`
  MODIFY `uacc_id` int(11) UNSIGNED NOT NULL AUTO_INCREMENT, AUTO_INCREMENT=22;
--
-- AUTO_INCREMENT for table `user_groups`
--
ALTER TABLE `user_groups`
  MODIFY `ugrp_id` smallint(5) NOT NULL AUTO_INCREMENT, AUTO_INCREMENT=7;
--
-- AUTO_INCREMENT for table `user_privileges`
--
ALTER TABLE `user_privileges`
  MODIFY `upriv_id` smallint(5) NOT NULL AUTO_INCREMENT, AUTO_INCREMENT=12;
--
-- AUTO_INCREMENT for table `user_privilege_groups`
--
ALTER TABLE `user_privilege_groups`
  MODIFY `upriv_groups_id` smallint(5) UNSIGNED NOT NULL AUTO_INCREMENT, AUTO_INCREMENT=15;
--
-- AUTO_INCREMENT for table `user_privilege_users`
--
ALTER TABLE `user_privilege_users`
  MODIFY `upriv_users_id` smallint(5) NOT NULL AUTO_INCREMENT, AUTO_INCREMENT=16;
--
-- AUTO_INCREMENT for table `user_profiles`
--
ALTER TABLE `user_profiles`
  MODIFY `upro_id` int(11) NOT NULL AUTO_INCREMENT, AUTO_INCREMENT=224;
/*!40101 SET CHARACTER_SET_CLIENT=@OLD_CHARACTER_SET_CLIENT */;
/*!40101 SET CHARACTER_SET_RESULTS=@OLD_CHARACTER_SET_RESULTS */;
/*!40101 SET COLLATION_CONNECTION=@OLD_COLLATION_CONNECTION */;
